This is LuaHBTeX, Version 1.17.0 (TeX Live 2023/Debian)  (format=lualatex 2025.1.29)  2 OCT 2026 12:37
 restricted system commands enabled.
**latex/main.tex
(/home/alberto/00_Produccion/Duek/latex/main.tex
LaTeX2e <2023-11-01> patch level 1
L3 programming layer <2024-01-22>
Lua module: luaotfload 2023-08-31 3.26 Lua based OpenType font support
Lua module: lualibs 2023-07-13 2.76 ConTeXt Lua standard libraries.
Lua module: lualibs-extended 2023-07-13 2.76 ConTeXt Lua libraries -- extended c
ollection.
luaotfload | conf : Root cache directory is "/home/alberto/.texlive2023/texmf-va
r/luatex-cache/generic/names".
luaotfload | init : Loading fontloader "fontloader-2023-08-19.lua" from kpse-res
olved path "/usr/share/texlive/texmf-dist/tex/luatex/luaotfload/fontloader-2023-
08-19.lua".
Lua-only attribute luaotfload@noligature = 1
luaotfload | init : Context OpenType loader version 3.133
Inserting `luaotfload.node_processor' in `pre_linebreak_filter'.
Inserting `luaotfload.node_processor' in `hpack_filter'.
Inserting `luaotfload.glyph_stream' in `glyph_stream_provider'.
Inserting `luaotfload.define_font' in `define_font'.
Lua-only attribute luaotfload_color_attribute = 2
luaotfload | conf : Root cache directory is "/home/alberto/.texlive2023/texmf-va
r/luatex-cache/generic/names".
Inserting `luaotfload.harf.strip_prefix' in `find_opentype_file'.
Inserting `luaotfload.harf.strip_prefix' in `find_truetype_file'.
Removing  `luaotfload.glyph_stream' from `glyph_stream_provider'.
Inserting `luaotfload.harf.glyphstream' in `glyph_stream_provider'.
Inserting `luaotfload.harf.finalize_vlist' in `post_linebreak_filter'.
Inserting `luaotfload.harf.finalize_hlist' in `hpack_filter'.
Inserting `luaotfload.cleanup_files' in `wrapup_run'.
Inserting `luaotfload.harf.finalize_unicode' in `finish_pdffile'.
Inserting `luaotfload.glyphinfo' in `glyph_info'.
Lua-only attribute luaotfload.letterspace_done = 3
Inserting `luaotfload.aux.set_sscale_dimens' in `luaotfload.patch_font'.
Inserting `luaotfload.aux.set_font_index' in `luaotfload.patch_font'.
Inserting `luaotfload.aux.patch_cambria_domh' in `luaotfload.patch_font'.
Inserting `luaotfload.aux.fixup_fontdata' in `luaotfload.patch_font_unsafe'.
Inserting `luaotfload.aux.set_capheight' in `luaotfload.patch_font'.
Inserting `luaotfload.aux.set_xheight' in `luaotfload.patch_font'.
Inserting `luaotfload.rewrite_fontname' in `luaotfload.patch_font'.
Inserting `tracingstacklevels' in `input_level_string'. (/usr/share/texlive/tex
mf-dist/tex/latex/base/book.cls
Document Class: book 2023/05/17 v1.4n Standard LaTeX document class
(/usr/share/texlive/texmf-dist/tex/latex/base/bk10.clo
File: bk10.clo 2023/05/17 v1.4n Standard LaTeX file (size option)
luaotfload | db : Font names database loaded from /home/alberto/.texlive2023/tex
mf-var/luatex-cache/generic/names/luaotfload-names.luc.gz)
\c@part=\count185
\c@chapter=\count186
\c@section=\count187
\c@subsection=\count188
\c@subsubsection=\count189
\c@paragraph=\count190
\c@subparagraph=\count191
\c@figure=\count192
\c@table=\count193
\abovecaptionskip=\skip48
\belowcaptionskip=\skip49
\bibindent=\dimen139
)
(/home/alberto/00_Produccion/Duek/latex/preambulo-proyecto.tex)
(/home/alberto/00_Produccion/Duek/latex/preambulo-contrato.tex
(/usr/share/texlive/texmf-dist/tex/generic/ulem/ulem.sty
\UL@box=\box51
\UL@hyphenbox=\box52
\UL@skip=\skip50
\UL@hook=\toks17
\UL@height=\dimen140
\UL@pe=\count194
\UL@pixel=\dimen141
\ULC@box=\box53
Package: ulem 2019/11/18
\ULdepth=\dimen142
)
(/usr/share/texlive/texmf-dist/tex/latex/etoolbox/etoolbox.sty
Package: etoolbox 2020/10/05 v2.5k e-TeX tools for LaTeX (JAW)
\etb@tempcnta=\count195
)
(/usr/share/texlive/texmf-dist/tex/latex/graphics/graphicx.sty
Package: graphicx 2021/09/16 v1.2d Enhanced LaTeX Graphics (DPC,SPQR)

(/usr/share/texlive/texmf-dist/tex/latex/graphics/keyval.sty
Package: keyval 2022/05/29 v1.15 key=value parser (DPC)
\KV@toks@=\toks18
)
(/usr/share/texlive/texmf-dist/tex/latex/graphics/graphics.sty
Package: graphics 2022/03/10 v1.4e Standard LaTeX Graphics (DPC,SPQR)

(/usr/share/texlive/texmf-dist/tex/latex/graphics/trig.sty
Package: trig 2021/08/11 v1.11 sin cos tan (DPC)
)
(/usr/share/texlive/texmf-dist/tex/latex/graphics-cfg/graphics.cfg
File: graphics.cfg 2016/06/04 v1.11 sample graphics configuration
)
Package graphics Info: Driver file: luatex.def on input line 107.

(/usr/share/texlive/texmf-dist/tex/latex/graphics-def/luatex.def
File: luatex.def 2022/09/22 v1.2d Graphics/color driver for luatex
))
\Gin@req@height=\dimen143
\Gin@req@width=\dimen144
)
(/usr/share/texlive/texmf-dist/tex/latex/booktabs/booktabs.sty
Package: booktabs 2020/01/12 v1.61803398 Publication quality tables
\heavyrulewidth=\dimen145
\lightrulewidth=\dimen146
\cmidrulewidth=\dimen147
\belowrulesep=\dimen148
\belowbottomsep=\dimen149
\aboverulesep=\dimen150
\abovetopsep=\dimen151
\cmidrulesep=\dimen152
\cmidrulekern=\dimen153
\defaultaddspace=\dimen154
\@cmidla=\count196
\@cmidlb=\count197
\@aboverulesep=\dimen155
\@belowrulesep=\dimen156
\@thisruleclass=\count198
\@lastruleclass=\count199
\@thisrulewidth=\dimen157
)
(/usr/share/texlive/texmf-dist/tex/latex/tools/array.sty
Package: array 2023/10/16 v2.5g Tabular extension package (FMi)
\col@sep=\dimen158
\ar@mcellbox=\box54
\extrarowheight=\dimen159
\NC@list=\toks19
\extratabsurround=\skip51
\backup@length=\skip52
\ar@cellbox=\box55
)
(/usr/share/texlive/texmf-dist/tex/latex/listings/listings.sty
\lst@mode=\count266
\lst@gtempboxa=\box56
\lst@token=\toks20
\lst@length=\count267
\lst@currlwidth=\dimen160
\lst@column=\count268
\lst@pos=\count269
\lst@lostspace=\dimen161
\lst@width=\dimen162
\lst@newlines=\count270
\lst@lineno=\count271
\lst@maxwidth=\dimen163

(/usr/share/texlive/texmf-dist/tex/latex/listings/lstmisc.sty
File: lstmisc.sty 2023/02/27 1.9 (Carsten Heinz)
\c@lstnumber=\count272
\lst@skipnumbers=\count273
\lst@framebox=\box57
)
(/usr/share/texlive/texmf-dist/tex/latex/listings/listings.cfg
File: listings.cfg 2023/02/27 1.9 listings configuration
))
Package: listings 2023/02/27 1.9 (Carsten Heinz)

(/usr/share/texlive/texmf-dist/tex/latex/ragged2e/ragged2e.sty
Package: ragged2e 2023/06/22 v3.6 ragged2e Package
\CenteringLeftskip=\skip53
\RaggedLeftLeftskip=\skip54
\RaggedRightLeftskip=\skip55
\CenteringRightskip=\skip56
\RaggedLeftRightskip=\skip57
\RaggedRightRightskip=\skip58
\CenteringParfillskip=\skip59
\RaggedLeftParfillskip=\skip60
\RaggedRightParfillskip=\skip61
\JustifyingParfillskip=\skip62
\CenteringParindent=\skip63
\RaggedLeftParindent=\skip64
\RaggedRightParindent=\skip65
\JustifyingParindent=\skip66
)
(/usr/share/texlive/texmf-dist/tex/latex/xcolor/xcolor.sty
Package: xcolor 2023/11/15 v3.01 LaTeX color extensions (UK)

(/usr/share/texlive/texmf-dist/tex/latex/graphics-cfg/color.cfg
File: color.cfg 2016/01/02 v1.6 sample color configuration
)
Package xcolor Info: Driver file: luatex.def on input line 274.

(/usr/share/texlive/texmf-dist/tex/latex/graphics/mathcolor.ltx)
Package xcolor Info: Model `cmy' substituted by `cmy0' on input line 1350.
Package xcolor Info: Model `hsb' substituted by `rgb' on input line 1354.
Package xcolor Info: Model `RGB' extended on input line 1366.
Package xcolor Info: Model `HTML' substituted by `rgb' on input line 1368.
Package xcolor Info: Model `Hsb' substituted by `hsb' on input line 1369.
Package xcolor Info: Model `tHsb' substituted by `hsb' on input line 1370.
Package xcolor Info: Model `HSB' substituted by `hsb' on input line 1371.
Package xcolor Info: Model `Gray' substituted by `gray' on input line 1372.
Package xcolor Info: Model `wave' substituted by `hsb' on input line 1373.
)
(/usr/share/texlive/texmf-dist/tex/latex/tcolorbox/tcolorbox.sty
Package: tcolorbox 2024/01/10 version 6.2.0 text color boxes

(/usr/share/texlive/texmf-dist/tex/latex/pgf/basiclayer/pgf.sty
(/usr/share/texlive/texmf-dist/tex/latex/pgf/utilities/pgfrcs.sty
(/usr/share/texlive/texmf-dist/tex/generic/pgf/utilities/pgfutil-common.tex
\pgfutil@everybye=\toks21
\pgfutil@tempdima=\dimen164
\pgfutil@tempdimb=\dimen165
)
(/usr/share/texlive/texmf-dist/tex/generic/pgf/utilities/pgfutil-latex.def
\pgfutil@abb=\box58
)
(/usr/share/texlive/texmf-dist/tex/generic/pgf/utilities/pgfrcs.code.tex
(/usr/share/texlive/texmf-dist/tex/generic/pgf/pgf.revision.tex)
Package: pgfrcs 2023-01-15 v3.1.10 (3.1.10)
))
Package: pgf 2023-01-15 v3.1.10 (3.1.10)

(/usr/share/texlive/texmf-dist/tex/latex/pgf/basiclayer/pgfcore.sty
(/usr/share/texlive/texmf-dist/tex/latex/pgf/systemlayer/pgfsys.sty
(/usr/share/texlive/texmf-dist/tex/generic/pgf/systemlayer/pgfsys.code.tex
Package: pgfsys 2023-01-15 v3.1.10 (3.1.10)

(/usr/share/texlive/texmf-dist/tex/generic/pgf/utilities/pgfkeys.code.tex
\pgfkeys@pathtoks=\toks22
\pgfkeys@temptoks=\toks23

(/usr/share/texlive/texmf-dist/tex/generic/pgf/utilities/pgfkeyslibraryfiltered
.code.tex
\pgfkeys@tmptoks=\toks24
))
\pgf@x=\dimen166
\pgf@y=\dimen167
\pgf@xa=\dimen168
\pgf@ya=\dimen169
\pgf@xb=\dimen170
\pgf@yb=\dimen171
\pgf@xc=\dimen172
\pgf@yc=\dimen173
\pgf@xd=\dimen174
\pgf@yd=\dimen175
\w@pgf@writea=\write3
\r@pgf@reada=\read2
\c@pgf@counta=\count274
\c@pgf@countb=\count275
\c@pgf@countc=\count276
\c@pgf@countd=\count277
\t@pgf@toka=\toks25
\t@pgf@tokb=\toks26
\t@pgf@tokc=\toks27
\pgf@sys@id@count=\count278
 (/usr/share/texlive/texmf-dist/tex/generic/pgf/systemlayer/pgf.cfg
File: pgf.cfg 2023-01-15 v3.1.10 (3.1.10)
)
Driver file for pgf: pgfsys-luatex.def
(/usr/share/texlive/texmf-dist/tex/generic/pgf/systemlayer/pgfsys-luatex.def
File: pgfsys-luatex.def 2023-01-15 v3.1.10 (3.1.10)

(/usr/share/texlive/texmf-dist/tex/generic/pgf/systemlayer/pgfsys-common-pdf.de
f
File: pgfsys-common-pdf.def 2023-01-15 v3.1.10 (3.1.10)
)))
(/usr/share/texlive/texmf-dist/tex/generic/pgf/systemlayer/pgfsyssoftpath.code.
tex
File: pgfsyssoftpath.code.tex 2023-01-15 v3.1.10 (3.1.10)
\pgfsyssoftpath@smallbuffer@items=\count279
\pgfsyssoftpath@bigbuffer@items=\count280
)
(/usr/share/texlive/texmf-dist/tex/generic/pgf/systemlayer/pgfsysprotocol.code.
tex
File: pgfsysprotocol.code.tex 2023-01-15 v3.1.10 (3.1.10)
))
(/usr/share/texlive/texmf-dist/tex/generic/pgf/basiclayer/pgfcore.code.tex
Package: pgfcore 2023-01-15 v3.1.10 (3.1.10)

(/usr/share/texlive/texmf-dist/tex/generic/pgf/math/pgfmath.code.tex
(/usr/share/texlive/texmf-dist/tex/generic/pgf/math/pgfmathutil.code.tex)
(/usr/share/texlive/texmf-dist/tex/generic/pgf/math/pgfmathparser.code.tex
\pgfmath@dimen=\dimen176
\pgfmath@count=\count281
\pgfmath@box=\box59
\pgfmath@toks=\toks28
\pgfmath@stack@operand=\toks29
\pgfmath@stack@operation=\toks30
)
(/usr/share/texlive/texmf-dist/tex/generic/pgf/math/pgfmathfunctions.code.tex)
(/usr/share/texlive/texmf-dist/tex/generic/pgf/math/pgfmathfunctions.basic.code
.tex)
(/usr/share/texlive/texmf-dist/tex/generic/pgf/math/pgfmathfunctions.trigonomet
ric.code.tex)
(/usr/share/texlive/texmf-dist/tex/generic/pgf/math/pgfmathfunctions.random.cod
e.tex)
(/usr/share/texlive/texmf-dist/tex/generic/pgf/math/pgfmathfunctions.comparison
.code.tex)
(/usr/share/texlive/texmf-dist/tex/generic/pgf/math/pgfmathfunctions.base.code.
tex)
(/usr/share/texlive/texmf-dist/tex/generic/pgf/math/pgfmathfunctions.round.code
.tex)
(/usr/share/texlive/texmf-dist/tex/generic/pgf/math/pgfmathfunctions.misc.code.
tex)
(/usr/share/texlive/texmf-dist/tex/generic/pgf/math/pgfmathfunctions.integerari
thmetics.code.tex)
(/usr/share/texlive/texmf-dist/tex/generic/pgf/math/pgfmathcalc.code.tex)
(/usr/share/texlive/texmf-dist/tex/generic/pgf/math/pgfmathfloat.code.tex
\c@pgfmathroundto@lastzeros=\count282
))
(/usr/share/texlive/texmf-dist/tex/generic/pgf/math/pgfint.code.tex)
(/usr/share/texlive/texmf-dist/tex/generic/pgf/basiclayer/pgfcorepoints.code.te
x
File: pgfcorepoints.code.tex 2023-01-15 v3.1.10 (3.1.10)
\pgf@picminx=\dimen177
\pgf@picmaxx=\dimen178
\pgf@picminy=\dimen179
\pgf@picmaxy=\dimen180
\pgf@pathminx=\dimen181
\pgf@pathmaxx=\dimen182
\pgf@pathminy=\dimen183
\pgf@pathmaxy=\dimen184
\pgf@xx=\dimen185
\pgf@xy=\dimen186
\pgf@yx=\dimen187
\pgf@yy=\dimen188
\pgf@zx=\dimen189
\pgf@zy=\dimen190
)
(/usr/share/texlive/texmf-dist/tex/generic/pgf/basiclayer/pgfcorepathconstruct.
code.tex
File: pgfcorepathconstruct.code.tex 2023-01-15 v3.1.10 (3.1.10)
\pgf@path@lastx=\dimen191
\pgf@path@lasty=\dimen192
)
(/usr/share/texlive/texmf-dist/tex/generic/pgf/basiclayer/pgfcorepathusage.code
.tex
File: pgfcorepathusage.code.tex 2023-01-15 v3.1.10 (3.1.10)
\pgf@shorten@end@additional=\dimen193
\pgf@shorten@start@additional=\dimen194
)
(/usr/share/texlive/texmf-dist/tex/generic/pgf/basiclayer/pgfcorescopes.code.te
x
File: pgfcorescopes.code.tex 2023-01-15 v3.1.10 (3.1.10)
\pgfpic=\box60
\pgf@hbox=\box61
\pgf@layerbox@main=\box62
\pgf@picture@serial@count=\count283
)
(/usr/share/texlive/texmf-dist/tex/generic/pgf/basiclayer/pgfcoregraphicstate.c
ode.tex
File: pgfcoregraphicstate.code.tex 2023-01-15 v3.1.10 (3.1.10)
\pgflinewidth=\dimen195
)
(/usr/share/texlive/texmf-dist/tex/generic/pgf/basiclayer/pgfcoretransformation
s.code.tex
File: pgfcoretransformations.code.tex 2023-01-15 v3.1.10 (3.1.10)
\pgf@pt@x=\dimen196
\pgf@pt@y=\dimen197
\pgf@pt@temp=\dimen198
)
(/usr/share/texlive/texmf-dist/tex/generic/pgf/basiclayer/pgfcorequick.code.tex
File: pgfcorequick.code.tex 2023-01-15 v3.1.10 (3.1.10)
)
(/usr/share/texlive/texmf-dist/tex/generic/pgf/basiclayer/pgfcoreobjects.code.t
ex
File: pgfcoreobjects.code.tex 2023-01-15 v3.1.10 (3.1.10)
)
(/usr/share/texlive/texmf-dist/tex/generic/pgf/basiclayer/pgfcorepathprocessing
.code.tex
File: pgfcorepathprocessing.code.tex 2023-01-15 v3.1.10 (3.1.10)
)
(/usr/share/texlive/texmf-dist/tex/generic/pgf/basiclayer/pgfcorearrows.code.te
x
File: pgfcorearrows.code.tex 2023-01-15 v3.1.10 (3.1.10)
\pgfarrowsep=\dimen199
)
(/usr/share/texlive/texmf-dist/tex/generic/pgf/basiclayer/pgfcoreshade.code.tex
File: pgfcoreshade.code.tex 2023-01-15 v3.1.10 (3.1.10)
\pgf@max=\dimen256
\pgf@sys@shading@range@num=\count284
\pgf@shadingcount=\count285
)
(/usr/share/texlive/texmf-dist/tex/generic/pgf/basiclayer/pgfcoreimage.code.tex
File: pgfcoreimage.code.tex 2023-01-15 v3.1.10 (3.1.10)
)
(/usr/share/texlive/texmf-dist/tex/generic/pgf/basiclayer/pgfcoreexternal.code.
tex
File: pgfcoreexternal.code.tex 2023-01-15 v3.1.10 (3.1.10)
\pgfexternal@startupbox=\box63
)
(/usr/share/texlive/texmf-dist/tex/generic/pgf/basiclayer/pgfcorelayers.code.te
x
File: pgfcorelayers.code.tex 2023-01-15 v3.1.10 (3.1.10)
)
(/usr/share/texlive/texmf-dist/tex/generic/pgf/basiclayer/pgfcoretransparency.c
ode.tex
File: pgfcoretransparency.code.tex 2023-01-15 v3.1.10 (3.1.10)
)
(/usr/share/texlive/texmf-dist/tex/generic/pgf/basiclayer/pgfcorepatterns.code.
tex
File: pgfcorepatterns.code.tex 2023-01-15 v3.1.10 (3.1.10)
)
(/usr/share/texlive/texmf-dist/tex/generic/pgf/basiclayer/pgfcorerdf.code.tex
File: pgfcorerdf.code.tex 2023-01-15 v3.1.10 (3.1.10)
)))
(/usr/share/texlive/texmf-dist/tex/generic/pgf/modules/pgfmoduleshapes.code.tex
File: pgfmoduleshapes.code.tex 2023-01-15 v3.1.10 (3.1.10)
\pgfnodeparttextbox=\box64
) (/usr/share/texlive/texmf-dist/tex/generic/pgf/modules/pgfmoduleplot.code.tex
File: pgfmoduleplot.code.tex 2023-01-15 v3.1.10 (3.1.10)
)
(/usr/share/texlive/texmf-dist/tex/latex/pgf/compatibility/pgfcomp-version-0-65
.sty
Package: pgfcomp-version-0-65 2023-01-15 v3.1.10 (3.1.10)
\pgf@nodesepstart=\dimen257
\pgf@nodesepend=\dimen258
)
(/usr/share/texlive/texmf-dist/tex/latex/pgf/compatibility/pgfcomp-version-1-18
.sty
Package: pgfcomp-version-1-18 2023-01-15 v3.1.10 (3.1.10)
)) (/usr/share/texlive/texmf-dist/tex/latex/tools/verbatim.sty
Package: verbatim 2023-11-06 v1.5v LaTeX2e package for verbatim enhancements
\every@verbatim=\toks31
\verbatim@line=\toks32
\verbatim@in@stream=\read3
)
(/usr/share/texlive/texmf-dist/tex/latex/environ/environ.sty
Package: environ 2014/05/04 v0.3 A new way to define environments

(/usr/share/texlive/texmf-dist/tex/latex/trimspaces/trimspaces.sty
Package: trimspaces 2009/09/17 v1.1 Trim spaces around a token list
)
\@envbody=\toks33
)
\tcb@titlebox=\box65
\tcb@upperbox=\box66
\tcb@lowerbox=\box67
\tcb@phantombox=\box68
\c@tcbbreakpart=\count286
\c@tcblayer=\count287
\c@tcolorbox@number=\count288
\l__tcobox_tmpa_box=\box69
\l__tcobox_tmpa_dim=\dimen259
\tcb@temp=\box70
\tcb@temp=\box71
\tcb@temp=\box72
\tcb@temp=\box73

(/usr/share/texlive/texmf-dist/tex/latex/tcolorbox/tcbraster.code.tex
Library (tcolorbox): 'tcbraster.code.tex' version '6.2.0'
\c@tcbrastercolumn=\count289
\c@tcbrasterrow=\count290
\c@tcbrasternum=\count291
\c@tcbraster=\count292
) (/usr/share/texlive/texmf-dist/tex/latex/tcolorbox/tcbskins.code.tex
Library (tcolorbox): 'tcbskins.code.tex' version '6.2.0'
(/usr/share/texlive/texmf-dist/tex/latex/pgf/frontendlayer/tikz.sty
(/usr/share/texlive/texmf-dist/tex/latex/pgf/utilities/pgffor.sty
(/usr/share/texlive/texmf-dist/tex/latex/pgf/utilities/pgfkeys.sty
(/usr/share/texlive/texmf-dist/tex/generic/pgf/utilities/pgfkeys.code.tex))
(/usr/share/texlive/texmf-dist/tex/latex/pgf/math/pgfmath.sty
(/usr/share/texlive/texmf-dist/tex/generic/pgf/math/pgfmath.code.tex))
(/usr/share/texlive/texmf-dist/tex/generic/pgf/utilities/pgffor.code.tex
Package: pgffor 2023-01-15 v3.1.10 (3.1.10)
\pgffor@iter=\dimen260
\pgffor@skip=\dimen261
\pgffor@stack=\toks34
\pgffor@toks=\toks35
))
(/usr/share/texlive/texmf-dist/tex/generic/pgf/frontendlayer/tikz/tikz.code.tex
Package: tikz 2023-01-15 v3.1.10 (3.1.10)

(/usr/share/texlive/texmf-dist/tex/generic/pgf/libraries/pgflibraryplothandlers
.code.tex
File: pgflibraryplothandlers.code.tex 2023-01-15 v3.1.10 (3.1.10)
\pgf@plot@mark@count=\count293
\pgfplotmarksize=\dimen262
)
\tikz@lastx=\dimen263
\tikz@lasty=\dimen264
\tikz@lastxsaved=\dimen265
\tikz@lastysaved=\dimen266
\tikz@lastmovetox=\dimen267
\tikz@lastmovetoy=\dimen268
\tikzleveldistance=\dimen269
\tikzsiblingdistance=\dimen270
\tikz@figbox=\box74
\tikz@figbox@bg=\box75
\tikz@tempbox=\box76
\tikz@tempbox@bg=\box77
\tikztreelevel=\count294
\tikznumberofchildren=\count295
\tikznumberofcurrentchild=\count296
\tikz@fig@count=\count297

(/usr/share/texlive/texmf-dist/tex/generic/pgf/modules/pgfmodulematrix.code.tex
File: pgfmodulematrix.code.tex 2023-01-15 v3.1.10 (3.1.10)
\pgfmatrixcurrentrow=\count298
\pgfmatrixcurrentcolumn=\count299
\pgf@matrix@numberofcolumns=\count300
)
\tikz@expandcount=\count301

(/usr/share/texlive/texmf-dist/tex/generic/pgf/frontendlayer/tikz/libraries/tik
zlibrarytopaths.code.tex
File: tikzlibrarytopaths.code.tex 2023-01-15 v3.1.10 (3.1.10)
)))
(/usr/share/texlive/texmf-dist/tex/latex/tikzfill/tikzfill.image.sty
Package: tikzfill.image 2023/08/08 v1.0.1 Image filling library for TikZ

(/usr/share/texlive/texmf-dist/tex/latex/tikzfill/tikzfill-common.sty
Package: tikzfill-common 2023/08/08 v1.0.1 Auxiliary code for tikzfill
)
(/usr/share/texlive/texmf-dist/tex/latex/tikzfill/tikzlibraryfill.image.code.te
x
File: tikzlibraryfill.image.code.tex 2023/08/08 v1.0.1 Image filling library
\l__tikzfill_img_box=\box78
)) (/usr/share/texlive/texmf-dist/tex/latex/tcolorbox/tcbskinsjigsaw.code.tex
Library (tcolorbox): 'tcbskinsjigsaw.code.tex' version '6.2.0'
)) (/usr/share/texlive/texmf-dist/tex/latex/tcolorbox/tcbbreakable.code.tex
Library (tcolorbox): 'tcbbreakable.code.tex' version '6.2.0'
(/usr/share/texlive/texmf-dist/tex/latex/pdfcol/pdfcol.sty
Package: pdfcol 2022-09-21 v1.7 Handle new color stacks for pdfTeX (HO)

(/usr/share/texlive/texmf-dist/tex/generic/ltxcmds/ltxcmds.sty
Package: ltxcmds 2023-12-04 v1.26 LaTeX kernel commands for general use (HO)
)
(/usr/share/texlive/texmf-dist/tex/generic/infwarerr/infwarerr.sty
Package: infwarerr 2019/12/03 v1.5 Providing info/warning/error messages (HO)
)
(/usr/share/texlive/texmf-dist/tex/generic/iftex/iftex.sty
Package: iftex 2022/02/03 v1.0f TeX engine tests
))
Package pdfcol Info: New color stack `tcb@breakable' = 1 on input line 23.
\tcb@testbox=\box79
\tcb@totalupperbox=\box80
\tcb@totallowerbox=\box81

(/usr/share/texlive/texmf-dist/tex/generic/iftex/ifluatex.sty
Package: ifluatex 2019/10/25 v1.5 ifluatex legacy package. Use iftex instead.
))
(/usr/share/texlive/texmf-dist/tex/latex/tcolorbox/tcbhooks.code.tex
Library (tcolorbox): 'tcbhooks.code.tex' version '6.2.0'
) (/usr/share/texlive/texmf-dist/tex/latex/tcolorbox/tcbtheorems.code.tex
Library (tcolorbox): 'tcbtheorems.code.tex' version '6.2.0'
(/usr/share/texlive/texmf-dist/tex/latex/amsmath/amsmath.sty
Package: amsmath 2023/05/13 v2.17o AMS math features
\@mathmargin=\skip67

For additional information on amsmath, use the `?' option.
(/usr/share/texlive/texmf-dist/tex/latex/amsmath/amstext.sty
Package: amstext 2021/08/26 v2.01 AMS text

(/usr/share/texlive/texmf-dist/tex/latex/amsmath/amsgen.sty
File: amsgen.sty 1999/11/30 v2.0 generic functions
\@emptytoks=\toks36
\ex@=\dimen271
))
(/usr/share/texlive/texmf-dist/tex/latex/amsmath/amsbsy.sty
Package: amsbsy 1999/11/29 v1.2d Bold Symbols
\pmbraise@=\dimen272
)
(/usr/share/texlive/texmf-dist/tex/latex/amsmath/amsopn.sty
Package: amsopn 2022/04/08 v2.04 operator names
)
\inf@bad=\count302
LaTeX Info: Redefining \frac on input line 236.
\uproot@=\count303
\leftroot@=\count304
LaTeX Info: Redefining \overline on input line 399.
LaTeX Info: Redefining \colon on input line 410.
\classnum@=\count305
\DOTSCASE@=\count306
LaTeX Info: Redefining \ldots on input line 496.
LaTeX Info: Redefining \dots on input line 499.
LaTeX Info: Redefining \cdots on input line 620.
\Mathstrutbox@=\box82
\strutbox@=\box83
LaTeX Info: Redefining \big on input line 722.
LaTeX Info: Redefining \Big on input line 723.
LaTeX Info: Redefining \bigg on input line 724.
LaTeX Info: Redefining \Bigg on input line 725.
\big@size=\dimen273
LaTeX Font Info:    Redeclaring font encoding OML on input line 743.
LaTeX Font Info:    Redeclaring font encoding OMS on input line 744.
\macc@depth=\count307
LaTeX Info: Redefining \bmod on input line 905.
LaTeX Info: Redefining \pmod on input line 910.
LaTeX Info: Redefining \smash on input line 940.
LaTeX Info: Redefining \relbar on input line 970.
LaTeX Info: Redefining \Relbar on input line 971.
\c@MaxMatrixCols=\count308
\dotsspace@=\muskip16
\c@parentequation=\count309
\dspbrk@lvl=\count310
\tag@help=\toks37
\row@=\count311
\column@=\count312
\maxfields@=\count313
\andhelp@=\toks38
\eqnshift@=\dimen274
\alignsep@=\dimen275
\tagshift@=\dimen276
\tagwidth@=\dimen277
\totwidth@=\dimen278
\lineht@=\dimen279
\@envbody=\toks39
\multlinegap=\skip68
\multlinetaggap=\skip69
\mathdisplay@stack=\toks40
LaTeX Info: Redefining \[ on input line 2953.
LaTeX Info: Redefining \] on input line 2954.
))
(/usr/share/texlive/texmf-dist/tex/latex/tcolorbox/tcbfitting.code.tex
Library (tcolorbox): 'tcbfitting.code.tex' version '6.2.0'
\tcbfitdim=\dimen280
\tcb@lowerfitdim=\dimen281
\tcb@upperfitdim=\dimen282
\tcb@cur@hbadness=\count314
) (/usr/share/texlive/texmf-dist/tex/latex/tcolorbox/tcblistingsutf8.code.tex
Library (tcolorbox): 'tcblistingsutf8.code.tex' version '6.2.0'
(/usr/share/texlive/texmf-dist/tex/latex/tcolorbox/tcblistings.code.tex
Library (tcolorbox): 'tcblistings.code.tex' version '6.2.0'
(/usr/share/texlive/texmf-dist/tex/latex/tcolorbox/tcblistingscore.code.tex
Library (tcolorbox): 'tcblistingscore.code.tex' version '6.2.0'
(/usr/share/texlive/texmf-dist/tex/latex/tcolorbox/tcbprocessing.code.tex
Library (tcolorbox): 'tcbprocessing.code.tex' version '6.2.0'
)
\c@tcblisting=\count315
))
Package tcolorbox Info: Library `listingsutf8' is compatible with pdftex only. 
Library `listings` is loaded instead. on input line 29.
) (/usr/share/texlive/texmf-dist/tex/latex/tcolorbox/tcbexternal.code.tex
Library (tcolorbox): 'tcbexternal.code.tex' version '6.2.0'
) (/usr/share/texlive/texmf-dist/tex/latex/tcolorbox/tcbmagazine.code.tex
Library (tcolorbox): 'tcbmagazine.code.tex' version '6.2.0'
) (/usr/share/texlive/texmf-dist/tex/latex/tcolorbox/tcbvignette.code.tex
Library (tcolorbox): 'tcbvignette.code.tex' version '6.2.0'

(/usr/share/texlive/texmf-dist/tex/generic/pgf/frontendlayer/tikz/libraries/tik
zlibraryfadings.code.tex
File: tikzlibraryfadings.code.tex 2023-01-15 v3.1.10 (3.1.10)

(/usr/share/texlive/texmf-dist/tex/generic/pgf/libraries/pgflibraryfadings.code
.tex
File: pgflibraryfadings.code.tex 2023-01-15 v3.1.10 (3.1.10)
))) (/usr/share/texlive/texmf-dist/tex/latex/tcolorbox/tcbposter.code.tex
Library (tcolorbox): 'tcbposter.code.tex' version '6.2.0'
)) (/usr/share/texlive/texmf-dist/tex/generic/babel/babel.sty
Package: babel 2024/01/07 v24.1 The Babel package

(/usr/share/texlive/texmf-dist/tex/generic/babel/luababel.def
\bbl@readstream=\read4
\l@dumylang=\language2
Package babel Info: Non-standard hyphenation setup on input line 118.
\l@nohyphenation=\language3
\l@vietnamese=\language4
\l@hebrew=\language5
\l@churchslavonic=\language6
\l@gujarati=\language7
\l@croatian=\language8
\l@swedish=\language9
\l@pali=\language10
\l@tamil=\language11
\l@mongolian=\language12
\l@piedmontese=\language13
\l@catalan=\language14
\l@czech=\language15
\l@danish=\language16
\l@kannada=\language17
\l@basque=\language18
\l@uppersorbian=\language19
\l@friulan=\language20
\l@panjabi=\language21
\l@welsh=\language22
\l@turkmen=\language23
\l@galician=\language24
\l@schoolfinnish=\language25
\l@macedonian=\language26
\l@liturgicallatin=\language27
\l@slovenian=\language28
\l@german=\language29
\l@serbianc=\language30
\l@ancientgreek=\language31
\l@hungarian=\language32
\l@french=\language33
\l@afrikaans=\language34
\l@spanish=\language35
\l@thai=\language36
\l@bulgarian=\language37
\l@kurmanji=\language38
\l@bengali=\language39
\l@german-x-2023-03-06=\language40
\l@esperanto=\language41
\l@turkish=\language42
\l@ukrainian=\language43
\l@romanian=\language44
\l@bokmal=\language45
\l@armenian=\language46
\l@usenglishmax=\language47
\l@mongolianlmc=\language48
\l@belarusian=\language49
\l@irish=\language50
\l@assamese=\language51
\l@italian=\language52
\l@occitan=\language53
\l@greek=\language54
\l@pinyin=\language55
\l@portuguese=\language56
\l@arabic=\language57
\l@polish=\language58
\l@telugu=\language59
\l@lithuanian=\language60
\l@nynorsk=\language61
\l@estonian=\language62
\l@marathi=\language63
\l@ibycus=\language64
\l@finnish=\language65
\l@slovak=\language66
\l@farsi=\language67
\l@latin=\language68
\l@indonesian=\language69
\l@sanskrit=\language70
\l@hindi=\language71
\l@russian=\language72
\l@ngerman=\language73
\l@ethiopic=\language74
\l@dutch=\language75
\l@interlingua=\language76
\l@classiclatin=\language77
\l@latvian=\language78
\l@coptic=\language79
\l@oriya=\language80
\l@ngerman-x-2023-03-06=\language81
\l@swissgerman=\language82
\l@malayalam=\language83
\l@romansh=\language84
\l@monogreek=\language85
\l@ukenglish=\language86
\l@serbian=\language87
\l@icelandic=\language88
\l@georgian=\language89
\babelcatcodetablenum=\catcodetable14
\bbl@pattcodes=\catcodetable15
)
\babel@savecnt=\count316
\U@D=\dimen283
\l@unhyphenated=\language90

(/usr/share/texlive/texmf-dist/tex/generic/babel/luababel.def
\bbl@attr@locale=\attribute4
)
Package babel Info: Main language set with 'main='. Except if you have
(babel)             problems, prefer the default mechanism for setting
(babel)             the main language, ie, as the last declared.
(babel)             Reported on input line 4250.

(/usr/share/texlive/texmf-dist/tex/generic/babel-spanish/spanish.ldf
Language: spanish.ldf 2021/05/27 v5.0q Spanish support from the babel system
\es@quottoks=\toks41
\es@quotdepth=\count317
Package babel Info: Making " an active character on input line 570.
Package babel Info: Making . an active character on input line 675.
Package babel Info: Making < an active character on input line 722.
Package babel Info: Making > an active character on input line 722.

(/usr/share/texlive/texmf-dist/tex/generic/hyph-utf8/loadhyph/loadhyph-es.tex
UTF-8 Spanish hyphenation patterns
(/usr/share/texlive/texmf-dist/tex/generic/hyph-utf8/patterns/tex/hyph-es.tex)))
) (/usr/share/texlive/texmf-dist/tex/generic/babel/locale/es/babel-spanish.tex
Package babel Info: Importing font and identification data for spanish
(babel)             from babel-es.ini. Reported on input line 11.
) (/usr/share/texlive/texmf-dist/tex/latex/csquotes/csquotes.sty
Package: csquotes 2022-09-14 v5.2n context-sensitive quotations (JAW)
\csq@reset=\count318
\csq@gtype=\count319
\csq@glevel=\count320
\csq@qlevel=\count321
\csq@maxlvl=\count322
\csq@tshold=\count323
\csq@ltx@everypar=\toks42

(/usr/share/texlive/texmf-dist/tex/latex/csquotes/csquotes.def
File: csquotes.def 2022-09-14 v5.2n csquotes generic definitions (JAW)
)
Package csquotes Info: Trying to load configuration file 'csquotes.cfg'...
Package csquotes Info: ... configuration file loaded successfully.

(/usr/share/texlive/texmf-dist/tex/latex/csquotes/csquotes.cfg
File: csquotes.cfg 
)
Package csquotes Info: Enabling multilingual quotes.
)
(/home/alberto/00_Produccion/Duek/latex/cita-apa-config.tex
(/usr/share/texlive/texmf-dist/tex/latex/biblatex/biblatex.sty
Package: biblatex 2023/03/05 v3.19 programmable bibliographies (PK/MW)

(/usr/share/texlive/texmf-dist/tex/generic/pdftexcmds/pdftexcmds.sty
Package: pdftexcmds 2020-06-27 v0.33 Utility functions of pdfTeX for LuaTeX (HO
)
Package pdftexcmds Info: \pdf@primitive is available.
Package pdftexcmds Info: \pdf@ifprimitive is available.
Package pdftexcmds Info: \pdfdraftmode found.
\pdftexcmds@toks=\toks43
)
(/usr/share/texlive/texmf-dist/tex/latex/kvoptions/kvoptions.sty
Package: kvoptions 2022-06-15 v3.15 Key value format for package options (HO)

(/usr/share/texlive/texmf-dist/tex/latex/kvsetkeys/kvsetkeys.sty
Package: kvsetkeys 2022-10-05 v1.19 Key value parser (HO)
))
(/usr/share/texlive/texmf-dist/tex/latex/logreq/logreq.sty
Package: logreq 2010/08/04 v1.0 xml request logger
\lrq@indent=\count324

(/usr/share/texlive/texmf-dist/tex/latex/logreq/logreq.def
File: logreq.def 2010/08/04 v1.0 logreq spec v1.0
))
(/usr/share/texlive/texmf-dist/tex/latex/base/ifthen.sty
Package: ifthen 2022/04/13 v1.1d Standard LaTeX ifthen package (DPC)
)
(/usr/share/texlive/texmf-dist/tex/latex/url/url.sty
\Urlmuskip=\muskip17
Package: url 2013/09/16  ver 3.4  Verb mode for urls, etc.
)
\c@tabx@nest=\count325
\c@listtotal=\count326
\c@listcount=\count327
\c@liststart=\count328
\c@liststop=\count329
\c@citecount=\count330
\c@citetotal=\count331
\c@multicitecount=\count332
\c@multicitetotal=\count333
\c@instcount=\count334
\c@maxnames=\count335
\c@minnames=\count336
\c@maxitems=\count337
\c@minitems=\count338
\c@citecounter=\count339
\c@maxcitecounter=\count340
\c@savedcitecounter=\count341
\c@uniquelist=\count342
\c@uniquename=\count343
\c@refsection=\count344
\c@refsegment=\count345
\c@maxextratitle=\count346
\c@maxextratitleyear=\count347
\c@maxextraname=\count348
\c@maxextradate=\count349
\c@maxextraalpha=\count350
\c@abbrvpenalty=\count351
\c@highnamepenalty=\count352
\c@lownamepenalty=\count353
\c@maxparens=\count354
\c@parenlevel=\count355
\blx@tempcnta=\count356
\blx@tempcntb=\count357
\blx@tempcntc=\count358
\c@blx@maxsection=\count359
\blx@maxsegment@0=\count360
\blx@notetype=\count361
\blx@parenlevel@text=\count362
\blx@parenlevel@foot=\count363
\blx@sectionciteorder@0=\count364
\blx@sectionciteorderinternal@0=\count365
\blx@entrysetcounter=\count366
\blx@biblioinstance=\count367
\labelnumberwidth=\skip70
\labelalphawidth=\skip71
\biblabelsep=\skip72
\bibitemsep=\skip73
\bibnamesep=\skip74
\bibinitsep=\skip75
\bibparsep=\skip76
\bibhang=\skip77
\blx@bcfin=\read5
\blx@bcfout=\write4
\blx@langwohyphens=\language91
\c@mincomprange=\count368
\c@maxcomprange=\count369
\c@mincompwidth=\count370
Package biblatex Info: Trying to load biblatex default data model...
Package biblatex Info: ... file 'blx-dm.def' found.

(/usr/share/texlive/texmf-dist/tex/latex/biblatex/blx-dm.def
File: blx-dm.def 2023/03/05 v3.19 biblatex localization (PK/MW)
)
Package biblatex Info: Trying to load biblatex style data model...
Package biblatex Info: ... file 'apa.dbx' found.

(/usr/share/texlive/texmf-dist/tex/latex/biblatex-apa/apa.dbx
File: apa.dbx 2023/03/20 v9.17 APA biblatex style data model
)
Package biblatex Info: Trying to load biblatex custom data model...
Package biblatex Info: ... file 'biblatex-dm.cfg' not found.
\c@afterword=\count371
\c@savedafterword=\count372
\c@annotator=\count373
\c@savedannotator=\count374
\c@author=\count375
\c@savedauthor=\count376
\c@bookauthor=\count377
\c@savedbookauthor=\count378
\c@commentator=\count379
\c@savedcommentator=\count380
\c@editor=\count381
\c@savededitor=\count382
\c@editora=\count383
\c@savededitora=\count384
\c@editorb=\count385
\c@savededitorb=\count386
\c@editorc=\count387
\c@savededitorc=\count388
\c@foreword=\count389
\c@savedforeword=\count390
\c@holder=\count391
\c@savedholder=\count392
\c@introduction=\count393
\c@savedintroduction=\count394
\c@namea=\count395
\c@savednamea=\count396
\c@nameb=\count397
\c@savednameb=\count398
\c@namec=\count399
\c@savednamec=\count400
\c@translator=\count401
\c@savedtranslator=\count402
\c@shortauthor=\count403
\c@savedshortauthor=\count404
\c@shorteditor=\count405
\c@savedshorteditor=\count406
\c@narrator=\count407
\c@savednarrator=\count408
\c@execproducer=\count409
\c@savedexecproducer=\count410
\c@execdirector=\count411
\c@savedexecdirector=\count412
\c@with=\count413
\c@savedwith=\count414
\c@labelname=\count415
\c@savedlabelname=\count416
\c@institution=\count417
\c@savedinstitution=\count418
\c@lista=\count419
\c@savedlista=\count420
\c@listb=\count421
\c@savedlistb=\count422
\c@listc=\count423
\c@savedlistc=\count424
\c@listd=\count425
\c@savedlistd=\count426
\c@liste=\count427
\c@savedliste=\count428
\c@listf=\count429
\c@savedlistf=\count430
\c@location=\count431
\c@savedlocation=\count432
\c@organization=\count433
\c@savedorganization=\count434
\c@origlocation=\count435
\c@savedoriglocation=\count436
\c@origpublisher=\count437
\c@savedorigpublisher=\count438
\c@publisher=\count439
\c@savedpublisher=\count440
\c@language=\count441
\c@savedlanguage=\count442
\c@origlanguage=\count443
\c@savedoriglanguage=\count444
\c@citation=\count445
\c@savedcitation=\count446
\c@pageref=\count447
\c@savedpageref=\count448
\shorthandwidth=\skip78
\shortjournalwidth=\skip79
\shortserieswidth=\skip80
\shorttitlewidth=\skip81
\shortauthorwidth=\skip82
\shorteditorwidth=\skip83
\locallabelnumberwidth=\skip84
\locallabelalphawidth=\skip85
\localshorthandwidth=\skip86
\localshortjournalwidth=\skip87
\localshortserieswidth=\skip88
\localshorttitlewidth=\skip89
\localshortauthorwidth=\skip90
\localshorteditorwidth=\skip91
Package biblatex Info: Trying to load enhanced support for Unicode engines...
Package biblatex Info: ... file 'blx-unicode.def' found.

(/usr/share/texlive/texmf-dist/tex/latex/biblatex/blx-unicode.def)
Package biblatex Info: Trying to load compatibility code...
Package biblatex Info: ... file 'blx-compat.def' found.

(/usr/share/texlive/texmf-dist/tex/latex/biblatex/blx-compat.def
File: blx-compat.def 2023/03/05 v3.19 biblatex compatibility (PK/MW)
)
Package biblatex Info: Trying to load generic definitions...
Package biblatex Info: ... file 'biblatex.def' found.

(/usr/share/texlive/texmf-dist/tex/latex/biblatex/biblatex.def
File: biblatex.def 2023/03/05 v3.19 biblatex compatibility (PK/MW)
\c@textcitecount=\count449
\c@textcitetotal=\count450
\c@textcitemaxnames=\count451
\c@biburlbigbreakpenalty=\count452
\c@biburlbreakpenalty=\count453
\c@biburlnumpenalty=\count454
\c@biburlucpenalty=\count455
\c@biburllcpenalty=\count456
\biburlbigskip=\muskip18
\biburlnumskip=\muskip19
\biburlucskip=\muskip20
\biburllcskip=\muskip21
\c@smartand=\count457
)
Package biblatex Info: Trying to load bibliography style 'apa'...
Package biblatex Info: ... file 'apa.bbx' found.

(/usr/share/texlive/texmf-dist/tex/latex/biblatex-apa/apa.bbx
File: apa.bbx 2023/03/20 v9.17 APA biblatex references style
Package biblatex Info: Trying to load bibliography style 'standard'...
Package biblatex Info: ... file 'standard.bbx' found.

(/usr/share/texlive/texmf-dist/tex/latex/biblatex/bbx/standard.bbx
File: standard.bbx 2023/03/05 v3.19 biblatex bibliography style (PK/MW)
\c@bbx:relatedcount=\count458
\c@bbx:relatedtotal=\count459
)
Package biblatex Info: Delimiter 'nameyeardelim' in context 'bib' already defin
ed, overwriting.
Package biblatex Info: Delimiter 'nameyeardelim' in context 'biblist' already d
efined, overwriting.
Package biblatex Info: Delimiter 'nonameyeardelim' in context 'bib' already def
ined, overwriting.
Package biblatex Info: Delimiter 'nonameyeardelim' in context 'biblist' already
 defined, overwriting.
)
Package biblatex Info: Trying to load citation style 'apa'...
Package biblatex Info: ... file 'apa.cbx' found.

(/usr/share/texlive/texmf-dist/tex/latex/biblatex-apa/apa.cbx
File: apa.cbx 2023/03/20 v9.17 APA biblatex citation style
Package biblatex Info: Delimiter 'nameyeardelim' in context '' already defined,
 overwriting.
Package biblatex Info: Delimiter 'andothersdelim' in context '' already defined
, overwriting.
Package biblatex Info: Redefining '\fullcite'.
Package biblatex Info: Redefining '\citeauthor'.
Package biblatex Info: Redefining '\citeyear'.
Package biblatex Info: Redefining '\cite'.
Package biblatex Info: Redefining '\cites'.
Package biblatex Info: Redefining '\parencite'.
Package biblatex Info: Redefining '\parencites'.
Package biblatex Info: Redefining '\footcite'.
Package biblatex Info: Redefining '\footcites'.
Package biblatex Info: Redefining '\footcitetext'.
Package biblatex Info: Redefining '\footcitetexts'.
Package biblatex Info: Redefining '\smartcite'.
Package biblatex Info: Redefining '\smartcites'.
Package biblatex Info: Redefining '\textcite'.
Package biblatex Info: Redefining '\textcites'.
Lua function BLTXAPAifInParensTF = 26)
Package biblatex Info: Trying to load configuration file...
Package biblatex Info: ... file 'biblatex.cfg' found.

(/usr/share/texlive/texmf-dist/tex/latex/biblatex/biblatex.cfg
File: biblatex.cfg 
)
Package biblatex Info: LuaTeX detected.
(biblatex)             Assuming input encoding 'utf8'.
Package biblatex Info: Document encoding is UTF8 ....

(/usr/share/texlive/texmf-dist/tex/latex/l3kernel/expl3.sty
Package: expl3 2024-01-22 L3 programming layer (loader) 

(/usr/share/texlive/texmf-dist/tex/latex/l3backend/l3backend-luatex.def
File: l3backend-luatex.def 2024-01-04 L3 backend support: PDF output (LuaTeX)
\l__color_backend_stack_int=\count460
Inserting `l3color' in `luaotfload.parse_color'.
\l__pdf_internal_box=\box84
))
Package biblatex Info: ... and expl3
(biblatex)             2024-01-22 L3 programming layer (loader) 
(biblatex)             is new enough (at least 2020/04/06),
(biblatex)             setting 'casechanger=expl3'.

(/usr/share/texlive/texmf-dist/tex/latex/biblatex/blx-case-expl3.sty
(/usr/share/texlive/texmf-dist/tex/latex/l3packages/xparse/xparse.sty
Package: xparse 2023-10-10 L3 Experimental document command parser
)
Package: blx-case-expl3 2023/03/05 v3.19 expl3 case changing code for biblatex
)))
(/usr/share/texlive/texmf-dist/tex/latex/esindex/esindex.sty
Package: esindex 2019/10/10 v1.7 Spanish indexes (and more)
\everyesindex=\toks44
))
(/home/alberto/00_Produccion/Duek/latex/preambulo-estetica.tex
(/usr/share/texlive/texmf-dist/tex/latex/tools/calc.sty
Package: calc 2023/07/08 v4.3 Infix arithmetic (KKT,FJ)
\calc@Acount=\count461
\calc@Bcount=\count462
\calc@Adimen=\dimen284
\calc@Bdimen=\dimen285
\calc@Askip=\skip92
\calc@Bskip=\skip93
LaTeX Info: Redefining \setlength on input line 80.
LaTeX Info: Redefining \addtolength on input line 81.
\calc@Ccount=\count463
\calc@Cskip=\skip94
)
(/usr/share/texlive/texmf-dist/tex/latex/geometry/geometry.sty
Package: geometry 2020/01/02 v5.9 Page Geometry

(/usr/share/texlive/texmf-dist/tex/generic/iftex/ifvtex.sty
Package: ifvtex 2019/10/25 v1.7 ifvtex legacy package. Use iftex instead.
)
\Gm@cnth=\count464
\Gm@cntv=\count465
\c@Gm@tempcnt=\count466
\Gm@bindingoffset=\dimen286
\Gm@wd@mp=\dimen287
\Gm@odd@mp=\dimen288
\Gm@even@mp=\dimen289
\Gm@layoutwidth=\dimen290
\Gm@layoutheight=\dimen291
\Gm@layouthoffset=\dimen292
\Gm@layoutvoffset=\dimen293
\Gm@dimlist=\toks45
)
(/usr/share/texlive/texmf-dist/tex/latex/fontspec/fontspec.sty
Package: fontspec 2022/01/15 v2.8a Font selection for XeLaTeX and LuaLaTeX
Lua module: fontspec 2022/01/15 2.8a Font selection for XeLaTeX and LuaLaTeX
(/usr/share/texlive/texmf-dist/tex/latex/fontspec/fontspec-luatex.sty
Package: fontspec-luatex 2022/01/15 v2.8a Font selection for XeLaTeX and LuaLaT
eX
\l__fontspec_script_int=\count467
\l__fontspec_language_int=\count468
\l__fontspec_strnum_int=\count469
\l__fontspec_tmp_int=\count470
\l__fontspec_tmpa_int=\count471
\l__fontspec_tmpb_int=\count472
\l__fontspec_tmpc_int=\count473
\l__fontspec_em_int=\count474
\l__fontspec_emdef_int=\count475
\l__fontspec_strong_int=\count476
\l__fontspec_strongdef_int=\count477
\l__fontspec_tmpa_dim=\dimen294
\l__fontspec_tmpb_dim=\dimen295
\l__fontspec_tmpc_dim=\dimen296

(/usr/share/texlive/texmf-dist/tex/latex/base/fontenc.sty
Package: fontenc 2021/04/29 v2.0v Standard LaTeX package
)
(/usr/share/texlive/texmf-dist/tex/latex/fontspec/fontspec.cfg)))
(/usr/share/texlive/texmf-dist/tex/latex/microtype/microtype.sty
Package: microtype 2023/03/13 v3.1a Micro-typographical refinements (RS)
\MT@toks=\toks46
\MT@tempbox=\box85
\MT@count=\count478
LaTeX Info: Redefining \noprotrusionifhmode on input line 1059.
LaTeX Info: Redefining \leftprotrusion on input line 1060.
\MT@prot@toks=\toks47
LaTeX Info: Redefining \rightprotrusion on input line 1078.
LaTeX Info: Redefining \textls on input line 1368.
\MT@outer@kern=\dimen297
LaTeX Info: Redefining \textmicrotypecontext on input line 1988.
\MT@listname@count=\count479

(/usr/share/texlive/texmf-dist/tex/latex/microtype/microtype-luatex.def
File: microtype-luatex.def 2023/03/13 v3.1a Definitions specific to luatex (RS)

Lua module: microtype 2023/03/13 3.1a microtype module.
Module microtype Info: overwriting function `keepligature' on input line 63
LaTeX Info: Redefining \lsstyle on input line 688.
LaTeX Info: Redefining \lslig on input line 688.
\MT@outer@space=\skip95
)
Package microtype Info: Loading configuration file microtype.cfg.

(/usr/share/texlive/texmf-dist/tex/latex/microtype/microtype.cfg
File: microtype.cfg 2023/03/13 v3.1a microtype main configuration file (RS)
))
luaotfload | cache : Lookup cache loaded from /home/alberto/.texlive2023/texmf-v
ar/luatex-cache/generic/names/luaotfload-lookup-cache.luc.

Package fontspec Info: Font family 'LibertinusSerif(0)' created for font
(fontspec)             'Libertinus Serif' with options
(fontspec)             [Ligatures=TeX,Numbers={OldStyle,Proportional},Ligatures
={TeX,Common,Discretionary},Scale=1.18].
(fontspec)              
(fontspec)              This font family consists of the following NFSS
(fontspec)             series/shapes:
(fontspec)              
(fontspec)             - 'normal' (m/n) with NFSS spec.:
(fontspec)             <->s*[1.18]"LibertinusSerif:mode=node;script=latn;langua
ge=dflt;+onum;+pnum;+tlig;+liga;+dlig;"
(fontspec)             - 'small caps'  (m/sc) with NFSS spec.:
(fontspec)             <->s*[1.18]"LibertinusSerif:mode=node;script=latn;langua
ge=dflt;+onum;+pnum;+tlig;+liga;+dlig;+smcp;"
(fontspec)             - 'bold' (b/n) with NFSS spec.:
(fontspec)             <->s*[1.18]"LibertinusSerif/B:mode=node;script=latn;lang
uage=dflt;+onum;+pnum;+tlig;+liga;+dlig;"
(fontspec)             - 'bold small caps'  (b/sc) with NFSS spec.:
(fontspec)             <->s*[1.18]"LibertinusSerif/B:mode=node;script=latn;lang
uage=dflt;+onum;+pnum;+tlig;+liga;+dlig;+smcp;"
(fontspec)             - 'italic' (m/it) with NFSS spec.:
(fontspec)             <->s*[1.18]"LibertinusSerif/I:mode=node;script=latn;lang
uage=dflt;+onum;+pnum;+tlig;+liga;+dlig;"
(fontspec)             - 'italic small caps'  (m/scit) with NFSS spec.:
(fontspec)             <->s*[1.18]"LibertinusSerif/I:mode=node;script=latn;lang
uage=dflt;+onum;+pnum;+tlig;+liga;+dlig;+smcp;"
(fontspec)             - 'bold italic' (b/it) with NFSS spec.:
(fontspec)             <->s*[1.18]"LibertinusSerif/BI:mode=node;script=latn;lan
guage=dflt;+onum;+pnum;+tlig;+liga;+dlig;"
(fontspec)             - 'bold italic small caps'  (b/scit) with NFSS spec.:
(fontspec)             <->s*[1.18]"LibertinusSerif/BI:mode=node;script=latn;lan
guage=dflt;+onum;+pnum;+tlig;+liga;+dlig;+smcp;"

LaTeX Font Info:    Font shape `TU/LibertinusSerif(0)/m/n' will be
(Font)              scaled to size 11.79993pt on input line 125.

Package fontspec Info: IBMPlexSansCondensed-Regular scale =
(fontspec)             0.9810359970073957.


Package fontspec Info: IBMPlexSansCondensed-Regular scale =
(fontspec)             0.9810359970073957.

luaotfload | aux : font no 31 (nil) does not define feature smcp for script latn
 with language dflt

Package fontspec Info: IBMPlexSansCondensed-SemiBold scale =
(fontspec)             0.9697602156101011.

luaotfload | aux : font no 32 (nil) does not define feature smcp for script latn
 with language dflt

Package fontspec Info: IBMPlexSansCondensed-Italic scale = 0.9810359970073957.

luaotfload | aux : font no 33 (nil) does not define feature smcp for script latn
 with language dflt

Package fontspec Info: IBMPlexSansCondensed-SemiBoldItalic scale =
(fontspec)             0.9697602156101011.

luaotfload | aux : font no 34 (nil) does not define feature smcp for script latn
 with language dflt

Package fontspec Info: Font family 'IBMPlexSansCondensed(0)' created for font
(fontspec)             'IBM Plex Sans Condensed' with options
(fontspec)             [Ligatures=TeX,Scale=MatchLowercase,Ligatures=TeX,Extens
ion=.otf,UprightFont=*-Regular,ItalicFont=*-Italic,BoldFont=*-SemiBold,BoldItal
icFont=*-SemiBoldItalic].
(fontspec)              
(fontspec)              This font family consists of the following NFSS
(fontspec)             series/shapes:
(fontspec)              
(fontspec)             - 'normal' (m/n) with NFSS spec.:
(fontspec)             <->s*[0.9810359970073957]"[IBMPlexSansCondensed-Regular.
otf]:mode=node;script=latn;language=dflt;+tlig;"
(fontspec)             - 'small caps'  (m/sc) with NFSS spec.: 
(fontspec)             - 'bold' (b/n) with NFSS spec.:
(fontspec)             <->s*[0.9697602156101011]"[IBMPlexSansCondensed-SemiBold
.otf]:mode=node;script=latn;language=dflt;+tlig;"
(fontspec)             - 'bold small caps'  (b/sc) with NFSS spec.: 
(fontspec)             - 'italic' (m/it) with NFSS spec.:
(fontspec)             <->s*[0.9810359970073957]"[IBMPlexSansCondensed-Italic.o
tf]:mode=node;script=latn;language=dflt;+tlig;"
(fontspec)             - 'italic small caps'  (m/scit) with NFSS spec.: 
(fontspec)             - 'bold italic' (b/it) with NFSS spec.:
(fontspec)             <->s*[0.9697602156101011]"[IBMPlexSansCondensed-SemiBold
Italic.otf]:mode=node;script=latn;language=dflt;+tlig;"
(fontspec)             - 'bold italic small caps'  (b/scit) with NFSS spec.: 

luaotfload | aux : font no 37 (nil) does not define feature smcp for script latn
 with language dflt
luaotfload | aux : font no 38 (nil) does not define feature smcp for script latn
 with language dflt
luaotfload | aux : font no 39 (nil) does not define feature smcp for script latn
 with language dflt
luaotfload | aux : font no 40 (nil) does not define feature smcp for script latn
 with language dflt

Package fontspec Info: Font family 'IBMPlexMono(0)' created for font 'IBM Plex
(fontspec)             Mono' with options
(fontspec)             [WordSpace={1,0,0},HyphenChar=None,PunctuationSpace=Word
Space,Scale=0.91,Extension=.otf,UprightFont=*-Regular,ItalicFont
(fontspec)             = IBMPlexMono-Italic.otf,BoldFont =
(fontspec)             IBMPlexMono-Bold.otf,BoldItalicFont =
(fontspec)             IBMPlexMono-BoldItalic.otf].
(fontspec)              
(fontspec)              This font family consists of the following NFSS
(fontspec)             series/shapes:
(fontspec)              
(fontspec)             - 'normal' (m/n) with NFSS spec.:
(fontspec)             <->s*[0.91]"[IBMPlexMono-Regular.otf]:mode=node;script=l
atn;language=dflt;"
(fontspec)             - 'small caps'  (m/sc) with NFSS spec.: 
(fontspec)             and font adjustment code:
(fontspec)             \fontdimen 2\font =1\fontdimen 2\font \fontdimen 3\font
(fontspec)             =0\fontdimen 3\font \fontdimen 4\font =0\fontdimen
(fontspec)             4\font \fontdimen 7\font =0\fontdimen 2\font
(fontspec)             \tex_hyphenchar:D \font =-1\scan_stop: 
(fontspec)             - 'bold' (b/n) with NFSS spec.:
(fontspec)             <->s*[0.91]"[IBMPlexMono-Bold.otf]:mode=node;script=latn
;language=dflt;"
(fontspec)             - 'bold small caps'  (b/sc) with NFSS spec.: 
(fontspec)             and font adjustment code:
(fontspec)             \fontdimen 2\font =1\fontdimen 2\font \fontdimen 3\font
(fontspec)             =0\fontdimen 3\font \fontdimen 4\font =0\fontdimen
(fontspec)             4\font \fontdimen 7\font =0\fontdimen 2\font
(fontspec)             \tex_hyphenchar:D \font =-1\scan_stop: 
(fontspec)             - 'italic' (m/it) with NFSS spec.:
(fontspec)             <->s*[0.91]"[IBMPlexMono-Italic.otf]:mode=node;script=la
tn;language=dflt;"
(fontspec)             - 'italic small caps'  (m/scit) with NFSS spec.: 
(fontspec)             and font adjustment code:
(fontspec)             \fontdimen 2\font =1\fontdimen 2\font \fontdimen 3\font
(fontspec)             =0\fontdimen 3\font \fontdimen 4\font =0\fontdimen
(fontspec)             4\font \fontdimen 7\font =0\fontdimen 2\font
(fontspec)             \tex_hyphenchar:D \font =-1\scan_stop: 
(fontspec)             - 'bold italic' (b/it) with NFSS spec.:
(fontspec)             <->s*[0.91]"[IBMPlexMono-BoldItalic.otf]:mode=node;scrip
t=latn;language=dflt;"
(fontspec)             - 'bold italic small caps'  (b/scit) with NFSS spec.: 
(fontspec)             and font adjustment code:
(fontspec)             \fontdimen 2\font =1\fontdimen 2\font \fontdimen 3\font
(fontspec)             =0\fontdimen 3\font \fontdimen 4\font =0\fontdimen
(fontspec)             4\font \fontdimen 7\font =0\fontdimen 2\font
(fontspec)             \tex_hyphenchar:D \font =-1\scan_stop: 


(/usr/share/texlive/texmf-dist/tex/latex/unicode-math/unicode-math.sty
Package: unicode-math 2023/08/13 v0.8r Unicode maths in XeLaTeX and LuaLaTeX

(/usr/share/texlive/texmf-dist/tex/latex/unicode-math/unicode-math-luatex.sty
Package: unicode-math-luatex 2023/08/13 v0.8r Unicode maths in XeLaTeX and LuaL
aTeX

(/usr/share/texlive/texmf-dist/tex/latex/l3packages/l3keys2e/l3keys2e.sty
Package: l3keys2e 2023-10-10 LaTeX2e option processing using LaTeX3 keys
)
(/usr/share/texlive/texmf-dist/tex/latex/base/fix-cm.sty
Package: fix-cm 2020/11/24 v1.1t fixes to LaTeX

(/usr/share/texlive/texmf-dist/tex/latex/base/ts1enc.def
File: ts1enc.def 2001/06/05 v3.0e (jk/car/fm) Standard LaTeX file
LaTeX Font Info:    Redeclaring font encoding TS1 on input line 47.
))
(/usr/share/texlive/texmf-dist/tex/lualatex/lualatex-math/lualatex-math.sty
Package: lualatex-math 2022/01/01 v1.12 Patches for mathematics typesetting wit
h LuaLaTeX
Lua module: lualatex-math 2013/08/03 1.3 Patches for mathematics typesetting wit
h LuaLaTeX)
\g__um_fam_int=\count480
\g__um_fonts_used_int=\count481
\l__um_primecount_int=\count482
\g__um_primekern_muskip=\muskip22

(/usr/share/texlive/texmf-dist/tex/latex/unicode-math/unicode-math-table.tex)))

Package fontspec Info: LibertinusMath scale = 1.179989329539392.


Package fontspec Info: Could not resolve font "LibertinusMath/B" (it probably
(fontspec)             doesn't exist).


Package fontspec Info: LibertinusMath scale = 1.179989329539392.


Package fontspec Info: Font family 'LibertinusMath(0)' created for font
(fontspec)             'Libertinus Math' with options
(fontspec)             [Renderer=Basic,BoldItalicFont={},ItalicFont={},SmallCap
sFont={},Script=Math,RawFeature={mathfontdimen=xetex},Scale={MatchLowercase}].
(fontspec)              
(fontspec)              This font family consists of the following NFSS
(fontspec)             series/shapes:
(fontspec)              
(fontspec)             - 'normal' (m/n) with NFSS spec.:
(fontspec)             <->s*[1.179989329539392]"LibertinusMath:mode=base;script
=math;language=dflt;mathfontdimen=xetex;"
(fontspec)             - 'small caps'  (m/sc) with NFSS spec.: 

LaTeX Font Info:    Font shape `TU/LibertinusMath(0)/m/n' will be
(Font)              scaled to size 11.79993pt on input line 146.

Package fontspec Info: LibertinusMath scale = 1.179989329539392.


Package fontspec Info: Could not resolve font "LibertinusMath/B" (it probably
(fontspec)             doesn't exist).


Package fontspec Info: LibertinusMath scale = 1.179989329539392.


Package fontspec Info: LibertinusMath scale = 1.179989329539392.


Package fontspec Info: LibertinusMath scale = 1.179989329539392.


Package fontspec Info: Font family 'LibertinusMath(1)' created for font
(fontspec)             'Libertinus Math' with options
(fontspec)             [Renderer=Basic,BoldItalicFont={},ItalicFont={},SmallCap
sFont={},Script=Math,SizeFeatures={{Size=9-},{Size=7-9,Font=Libertinus
(fontspec)             Math,Style=MathScript},{Size=-7,Font=Libertinus
(fontspec)             Math,Style=MathScriptScript}},RawFeature={mathfontdimen=
xetex},Scale={MatchLowercase}].
(fontspec)              
(fontspec)              This font family consists of the following NFSS
(fontspec)             series/shapes:
(fontspec)              
(fontspec)             - 'normal' (m/n) with NFSS spec.:
(fontspec)             <9->s*[1.179989329539392]"LibertinusMath:mode=base;scrip
t=math;language=dflt;mathfontdimen=xetex;"<7-9>s*[1.179989329539392]"Libertinus
Math:mode=base;script=math;language=dflt;mathfontdimen=xetex;+ssty=0;"<-7>s*[1.
179989329539392]"LibertinusMath:mode=base;script=math;language=dflt;mathfontdim
en=xetex;+ssty=1;"
(fontspec)             - 'small caps'  (m/sc) with NFSS spec.: 

LaTeX Font Info:    Font shape `TU/LibertinusMath(1)/m/n' will be
(Font)              scaled to size 11.79993pt on input line 146.
LaTeX Font Info:    Encoding `OT1' has changed to `TU' for symbol font
(Font)              `operators' in the math version `normal' on input line 146.

LaTeX Font Info:    Overwriting symbol font `operators' in version `normal'
(Font)                  OT1/cmr/m/n --> TU/LibertinusMath(1)/m/n on input line 
146.
LaTeX Font Info:    Encoding `OT1' has changed to `TU' for symbol font
(Font)              `operators' in the math version `bold' on input line 146.
LaTeX Font Info:    Overwriting symbol font `operators' in version `bold'
(Font)                  OT1/cmr/bx/n --> TU/LibertinusMath(1)/b/n on input line
 146.

Package fontspec Info: LibertinusMath scale = 1.179989329539392.


Package fontspec Info: Could not resolve font "LibertinusMath/B" (it probably
(fontspec)             doesn't exist).


Package fontspec Info: LibertinusMath scale = 1.179989329539392.


Package fontspec Info: LibertinusMath scale = 1.179989329539392.


Package fontspec Info: LibertinusMath scale = 1.179989329539392.


Package fontspec Info: Font family 'LibertinusMath(2)' created for font
(fontspec)             'Libertinus Math' with options
(fontspec)             [Renderer=Basic,BoldItalicFont={},ItalicFont={},SmallCap
sFont={},Script=Math,SizeFeatures={{Size=9-},{Size=7-9,Font=Libertinus
(fontspec)             Math,Style=MathScript},{Size=-7,Font=Libertinus
(fontspec)             Math,Style=MathScriptScript}},RawFeature={mathfontdimen=
xetex},Scale={MatchLowercase},RawFeature={mathfontdimen=tex2}].
(fontspec)              
(fontspec)              This font family consists of the following NFSS
(fontspec)             series/shapes:
(fontspec)              
(fontspec)             - 'normal' (m/n) with NFSS spec.:
(fontspec)             <9->s*[1.179989329539392]"LibertinusMath:mode=base;scrip
t=math;language=dflt;mathfontdimen=xetex;mathfontdimen=tex2;"<7-9>s*[1.17998932
9539392]"LibertinusMath:mode=base;script=math;language=dflt;mathfontdimen=xetex
;mathfontdimen=tex2;+ssty=0;"<-7>s*[1.179989329539392]"LibertinusMath:mode=base
;script=math;language=dflt;mathfontdimen=xetex;mathfontdimen=tex2;+ssty=1;"
(fontspec)             - 'small caps'  (m/sc) with NFSS spec.: 

LaTeX Font Info:    Encoding `OMS' has changed to `TU' for symbol font
(Font)              `symbols' in the math version `normal' on input line 146.
LaTeX Font Info:    Overwriting symbol font `symbols' in version `normal'
(Font)                  OMS/cmsy/m/n --> TU/LibertinusMath(2)/m/n on input line
 146.
LaTeX Font Info:    Encoding `OMS' has changed to `TU' for symbol font
(Font)              `symbols' in the math version `bold' on input line 146.
LaTeX Font Info:    Overwriting symbol font `symbols' in version `bold'
(Font)                  OMS/cmsy/b/n --> TU/LibertinusMath(2)/b/n on input line
 146.

Package fontspec Info: LibertinusMath scale = 1.179989329539392.


Package fontspec Info: Could not resolve font "LibertinusMath/B" (it probably
(fontspec)             doesn't exist).


Package fontspec Info: LibertinusMath scale = 1.179989329539392.


Package fontspec Info: LibertinusMath scale = 1.179989329539392.


Package fontspec Info: LibertinusMath scale = 1.179989329539392.


Package fontspec Info: Font family 'LibertinusMath(3)' created for font
(fontspec)             'Libertinus Math' with options
(fontspec)             [Renderer=Basic,BoldItalicFont={},ItalicFont={},SmallCap
sFont={},Script=Math,SizeFeatures={{Size=9-},{Size=7-9,Font=Libertinus
(fontspec)             Math,Style=MathScript},{Size=-7,Font=Libertinus
(fontspec)             Math,Style=MathScriptScript}},RawFeature={mathfontdimen=
xetex},Scale={MatchLowercase},RawFeature={mathfontdimen=tex3}].
(fontspec)              
(fontspec)              This font family consists of the following NFSS
(fontspec)             series/shapes:
(fontspec)              
(fontspec)             - 'normal' (m/n) with NFSS spec.:
(fontspec)             <9->s*[1.179989329539392]"LibertinusMath:mode=base;scrip
t=math;language=dflt;mathfontdimen=xetex;mathfontdimen=tex3;"<7-9>s*[1.17998932
9539392]"LibertinusMath:mode=base;script=math;language=dflt;mathfontdimen=xetex
;mathfontdimen=tex3;+ssty=0;"<-7>s*[1.179989329539392]"LibertinusMath:mode=base
;script=math;language=dflt;mathfontdimen=xetex;mathfontdimen=tex3;+ssty=1;"
(fontspec)             - 'small caps'  (m/sc) with NFSS spec.: 

LaTeX Font Info:    Encoding `OMX' has changed to `TU' for symbol font
(Font)              `largesymbols' in the math version `normal' on input line 1
46.
LaTeX Font Info:    Overwriting symbol font `largesymbols' in version `normal'
(Font)                  OMX/cmex/m/n --> TU/LibertinusMath(3)/m/n on input line
 146.
LaTeX Font Info:    Encoding `OMX' has changed to `TU' for symbol font
(Font)              `largesymbols' in the math version `bold' on input line 146
.
LaTeX Font Info:    Overwriting symbol font `largesymbols' in version `bold'
(Font)                  OMX/cmex/m/n --> TU/LibertinusMath(3)/b/n on input line
 146.
LaTeX Font Info:    Font shape `TU/LibertinusMath(1)/m/n' will be
(Font)              scaled to size 9.43994pt on input line 146.
LaTeX Font Info:    Font shape `TU/LibertinusMath(1)/m/n' will be
(Font)              scaled to size 7.07996pt on input line 146.
LaTeX Font Info:    Font shape `TU/LibertinusMath(2)/m/n' will be
(Font)              scaled to size 11.79993pt on input line 146.
LaTeX Font Info:    Font shape `TU/LibertinusMath(2)/m/n' will be
(Font)              scaled to size 9.43994pt on input line 146.
LaTeX Font Info:    Font shape `TU/LibertinusMath(2)/m/n' will be
(Font)              scaled to size 7.07996pt on input line 146.
LaTeX Font Info:    Font shape `TU/LibertinusMath(3)/m/n' will be
(Font)              scaled to size 11.79993pt on input line 146.
LaTeX Font Info:    Font shape `TU/LibertinusMath(3)/m/n' will be
(Font)              scaled to size 9.43994pt on input line 146.
LaTeX Font Info:    Font shape `TU/LibertinusMath(3)/m/n' will be
(Font)              scaled to size 7.07996pt on input line 146.
(/usr/share/texlive/texmf-dist/tex/latex/enumitem/enumitem.sty
Package: enumitem 2019/06/20 v3.9 Customized lists
\labelindent=\skip96
\enit@outerparindent=\dimen298
\enit@toks=\toks48
\enit@inbox=\box86
\enit@count@id=\count483
\enitdp@description=\count484
)
(/usr/share/texlive/texmf-dist/tex/latex/footmisc/footmisc.sty
Package: footmisc 2023/07/05 v6.0f a miscellany of footnote facilities
\FN@temptoken=\toks49
\footnotemargin=\dimen299
\@outputbox@depth=\dimen300
Package footmisc Info: Declaring symbol style bringhurst on input line 696.
Package footmisc Info: Declaring symbol style chicago on input line 704.
Package footmisc Info: Declaring symbol style wiley on input line 713.
Package footmisc Info: Declaring symbol style lamport-robust on input line 724.

Package footmisc Info: Declaring symbol style lamport* on input line 744.
Package footmisc Info: Declaring symbol style lamport*-robust on input line 765
.
)
(/usr/share/texlive/texmf-dist/tex/latex/koma-script/scrextend.sty
Package: scrextend 2023/07/07 v3.41 KOMA-Script package (extend other classes w
ith features of KOMA-Script classes)

(/usr/share/texlive/texmf-dist/tex/latex/koma-script/scrkbase.sty
Package: scrkbase 2023/07/07 v3.41 KOMA-Script package (KOMA-Script-dependent b
asics and keyval usage)

(/usr/share/texlive/texmf-dist/tex/latex/koma-script/scrbase.sty
Package: scrbase 2023/07/07 v3.41 KOMA-Script package (KOMA-Script-independent 
basics and keyval usage)

(/usr/share/texlive/texmf-dist/tex/latex/koma-script/scrlfile.sty
Package: scrlfile 2023/07/07 v3.41 KOMA-Script package (file load hooks)

(/usr/share/texlive/texmf-dist/tex/latex/koma-script/scrlfile-hook.sty
Package: scrlfile-hook 2023/07/07 v3.41 KOMA-Script package (using LaTeX hooks)


(/usr/share/texlive/texmf-dist/tex/latex/koma-script/scrlogo.sty
Package: scrlogo 2023/07/07 v3.41 KOMA-Script package (logo)
)))
Applying: [2021/05/01] Usage of raw or classic option list on input line 252.
Already applied: [0000/00/00] Usage of raw or classic option list on input line
 368.
)))
(/usr/share/texlive/texmf-dist/tex/latex/caption/caption.sty
Package: caption 2023/08/05 v3.6o Customizing captions (AR)

(/usr/share/texlive/texmf-dist/tex/latex/caption/caption3.sty
Package: caption3 2023/07/31 v2.4d caption3 kernel (AR)
\caption@tempdima=\dimen301
\captionmargin=\dimen302
\caption@leftmargin=\dimen303
\caption@rightmargin=\dimen304
\caption@width=\dimen305
\caption@indent=\dimen306
\caption@parindent=\dimen307
\caption@hangindent=\dimen308
Package caption Info: Standard document class detected.
)
\c@caption@flags=\count485
\c@continuedfloat=\count486
Package caption Info: listings package is loaded.
Package caption Info: scrextend package is loaded.
\caption@addmargin@hsize=\dimen309
\caption@addmargin@linewidth=\dimen310
)
(/usr/share/texlive/texmf-dist/tex/latex/needspace/needspace.sty
Package: needspace 2010/09/12 v1.3d reserve vertical space
)
[gbpublisher] prestaciones: showframe=no, homeoarchy=no, enlaces=si, cruces=no
(/usr/share/texlive/texmf-dist/tex/latex/imakeidx/imakeidx.sty
Package: imakeidx 2016/10/15 v1.3e Package for typesetting indices in a synchro
nous mode

(/usr/share/texlive/texmf-dist/tex/latex/xkeyval/xkeyval.sty
Package: xkeyval 2022/06/16 v2.9 package option processing (HA)

(/usr/share/texlive/texmf-dist/tex/generic/xkeyval/xkeyval.tex
(/usr/share/texlive/texmf-dist/tex/generic/xkeyval/xkvutils.tex
\XKV@toks=\toks50
\XKV@tempa@toks=\toks51
)
\XKV@depth=\count487
File: xkeyval.tex 2014/12/03 v2.7a key=value parser (HA)
))
(/usr/share/texlive/texmf-dist/tex/generic/iftex/ifxetex.sty
Package: ifxetex 2019/10/25 v0.7 ifxetex legacy package. Use iftex instead.
)
(/usr/share/texlive/texmf-dist/tex/latex/tools/multicol.sty
Package: multicol 2023/03/30 v1.9f multicolumn formatting (FMi)
\c@tracingmulticols=\count488
\mult@box=\box87
\multicol@leftmargin=\dimen311
\c@unbalance=\count489
\c@collectmore=\count490
\doublecol@number=\count491
\multicoltolerance=\count492
\multicolpretolerance=\count493
\full@width=\dimen312
\page@free=\dimen313
\premulticols=\dimen314
\postmulticols=\dimen315
\multicolsep=\skip97
\multicolbaselineskip=\skip98
\partial@page=\box88
\last@line=\box89
\mc@boxedresult=\box90
\maxbalancingoverflow=\dimen316
\mult@rightbox=\box91
\mult@grightbox=\box92
\mult@firstbox=\box93
\mult@gfirstbox=\box94
\@tempa=\box95
\@tempa=\box96
\@tempa=\box97
\@tempa=\box98
\@tempa=\box99
\@tempa=\box100
\@tempa=\box101
\@tempa=\box102
\@tempa=\box103
\@tempa=\box104
\@tempa=\box105
\@tempa=\box106
\@tempa=\box107
\@tempa=\box108
\@tempa=\box109
\@tempa=\box110
\@tempa=\box111
\@tempa=\box112
\@tempa=\box113
\@tempa=\box114
\@tempa=\box115
\@tempa=\box116
\@tempa=\box117
\@tempa=\box118
\@tempa=\box119
\@tempa=\box120
\@tempa=\box121
\@tempa=\box122
\@tempa=\box123
\@tempa=\box124
\@tempa=\box125
\@tempa=\box126
\@tempa=\box127
\@tempa=\box128
\@tempa=\box129
\@tempa=\box130
\c@minrows=\count494
\c@columnbadness=\count495
\c@finalcolumnbadness=\count496
\last@try=\dimen317
\multicolovershoot=\dimen318
\multicolundershoot=\dimen319
\mult@nat@firstbox=\box131
\colbreak@box=\box132
\mc@col@check@num=\count497
))
\names@idxfile=\write5

\openout5 = names.idx

Writing index file names.idx
\onomastico@idxfile=\write6

\openout6 = onomastico.idx
Writing index file onomastico.idx
\concepto@idxfile=\write7

\openout7 = concepto.idx
Writing index file concepto.idx
(/usr/share/texlive/texmf-dist/tex/latex/titlesec/titletoc.sty
Package: titletoc 2023/10/27 v2.16 TOC entries
\ttl@leftsep=\dimen320
)
(/usr/share/texlive/texmf-dist/tex/latex/titlesec/titlesec.sty
Package: titlesec 2023/10/27 v2.16 Sectioning titles
\ttl@box=\box133
\beforetitleunit=\skip99
\aftertitleunit=\skip100
\ttl@plus=\dimen321
\ttl@minus=\dimen322
\ttl@toksa=\toks52
\titlewidth=\dimen323
\titlewidthlast=\dimen324
\titlewidthfirst=\dimen325

(/usr/share/texlive/texmf-dist/tex/latex/titlesec/titleps.sty))
(/usr/share/texlive/texmf-dist/tex/lualatex/linebreaker/linebreaker.sty
Package: linebreaker 

(/usr/share/texlive/texmf-dist/tex/luatex/luatexbase/luatexbase.sty
Package: luatexbase 2015/10/04 v1.3 luatexbase interface to LuaTeX 

(/usr/share/texlive/texmf-dist/tex/luatex/ctablestack/ctablestack.sty
Package: ctablestack 2015/10/01 v1.0 Catcode table stable support
\@catcodetablestackcnt=\count498
)
\CatcodeTableOther=\catcodetable16
\CatcodeTableExpl=\catcodetable17
)
Inserting `new linebreak callback' in `linebreak_filter'.
Inserting `new linebreak callback' in `post_linebreak_filter'.
Inserting `Our overfull box reporting function' in `hpack_quality'.)
\gbanchologo=\skip101
)
(/home/alberto/00_Produccion/Duek/latex/preambulo-hyperref.tex
(/usr/share/texlive/texmf-dist/tex/latex/hyperref/hyperref.sty
Package: hyperref 2024-01-20 v7.01h Hypertext links for LaTeX

(/usr/share/texlive/texmf-dist/tex/generic/kvdefinekeys/kvdefinekeys.sty
Package: kvdefinekeys 2019-12-19 v1.6 Define keys (HO)
)
(/usr/share/texlive/texmf-dist/tex/generic/pdfescape/pdfescape.sty
Package: pdfescape 2019/12/09 v1.15 Implements pdfTeX's escape features (HO)
)
(/usr/share/texlive/texmf-dist/tex/latex/hycolor/hycolor.sty
Package: hycolor 2020-01-27 v1.10 Color options for hyperref/bookmark (HO)
)
(/usr/share/texlive/texmf-dist/tex/latex/auxhook/auxhook.sty
Package: auxhook 2019-12-17 v1.6 Hooks for auxiliary files (HO)
)
(/usr/share/texlive/texmf-dist/tex/latex/hyperref/nameref.sty
Package: nameref 2023-11-26 v2.56 Cross-referencing by name of section

(/usr/share/texlive/texmf-dist/tex/latex/refcount/refcount.sty
Package: refcount 2019/12/15 v3.6 Data extraction from label references (HO)
)
(/usr/share/texlive/texmf-dist/tex/generic/gettitlestring/gettitlestring.sty
Package: gettitlestring 2019/12/15 v1.6 Cleanup title references (HO)
)
\c@section@level=\count499
)
\@linkdim=\dimen326
\Hy@linkcounter=\count500
\Hy@pagecounter=\count501

(/usr/share/texlive/texmf-dist/tex/latex/hyperref/pd1enc.def
File: pd1enc.def 2024-01-20 v7.01h Hyperref: PDFDocEncoding definition (HO)
)
(/usr/share/texlive/texmf-dist/tex/generic/intcalc/intcalc.sty
Package: intcalc 2019/12/15 v1.3 Expandable calculations with integers (HO)
)
\Hy@SavedSpaceFactor=\count502

(/usr/share/texlive/texmf-dist/tex/latex/hyperref/puenc.def
File: puenc.def 2024-01-20 v7.01h Hyperref: PDF Unicode definition (HO)
)
Package hyperref Info: Option `unicode' set `true' on input line 4062.
Package hyperref Info: Option `unicode' set `true' on input line 4062.

(/usr/share/texlive/texmf-dist/tex/generic/stringenc/stringenc.sty
Package: stringenc 2019/11/29 v1.12 Convert strings between diff. encodings (HO
)
)
Package hyperref Info: Option `psdextra' set `true' on input line 4062.

(/usr/share/texlive/texmf-dist/tex/latex/hyperref/psdextra.def
File: psdextra.def 2024-01-20 v7.01h Hyperref: Additions to PDF string support
)
Package hyperref Info: Option `colorlinks' set `true' on input line 4062.
Package hyperref Info: Option `breaklinks' set `true' on input line 4062.
Package hyperref Info: Option `bookmarks' set `true' on input line 4062.
Package hyperref Info: Option `bookmarksopen' set `true' on input line 4062.
Package hyperref Info: Option `bookmarksnumbered' set `true' on input line 4062
.
Package hyperref Info: Hyper figures OFF on input line 4179.
Package hyperref Info: Link nesting OFF on input line 4184.
Package hyperref Info: Hyper index ON on input line 4187.
Package hyperref Info: Plain pages OFF on input line 4194.
Package hyperref Info: Backreferencing OFF on input line 4199.
Package hyperref Info: Implicit mode ON; LaTeX internals redefined.
Package hyperref Info: Bookmarks ON on input line 4446.
\c@Hy@tempcnt=\count503
LaTeX Info: Redefining \url on input line 4784.
\XeTeXLinkMargin=\dimen327

(/usr/share/texlive/texmf-dist/tex/generic/bitset/bitset.sty
Package: bitset 2019/12/09 v1.3 Handle bit-vector datatype (HO)

(/usr/share/texlive/texmf-dist/tex/generic/bigintcalc/bigintcalc.sty
Package: bigintcalc 2019/12/15 v1.5 Expandable calculations on big integers (HO
)
))
\Fld@menulength=\count504
\Field@Width=\dimen328
\Fld@charsize=\dimen329
Package hyperref Info: Hyper figures OFF on input line 6063.
Package hyperref Info: Link nesting OFF on input line 6068.
Package hyperref Info: Hyper index ON on input line 6071.
Package hyperref Info: backreferencing OFF on input line 6078.
Package hyperref Info: Link coloring ON on input line 6081.
Package hyperref Info: Link coloring with OCG OFF on input line 6088.
Package hyperref Info: PDF/A mode OFF on input line 6093.

(/usr/share/texlive/texmf-dist/tex/latex/base/atbegshi-ltx.sty
Package: atbegshi-ltx 2021/01/10 v1.0c Emulation of the original atbegshi
package with kernel methods
)
\Hy@abspage=\count505
\c@Item=\count506
\c@Hfootnote=\count507
)
Package hyperref Info: Driver (autodetected): hluatex.

(/usr/share/texlive/texmf-dist/tex/latex/hyperref/hluatex.def
File: hluatex.def 2024-01-20 v7.01h Hyperref driver for luaTeX

(/usr/share/texlive/texmf-dist/tex/latex/base/atveryend-ltx.sty
Package: atveryend-ltx 2020/08/19 v1.0a Emulation of the original atveryend pac
kage
with kernel methods
)
\Fld@listcount=\count508
\c@bookmark@seq@number=\count509

(/usr/share/texlive/texmf-dist/tex/latex/rerunfilecheck/rerunfilecheck.sty
Package: rerunfilecheck 2022-07-10 v1.10 Rerun checks for auxiliary files (HO)

(/usr/share/texlive/texmf-dist/tex/generic/uniquecounter/uniquecounter.sty
Package: uniquecounter 2019/12/15 v1.4 Provide unlimited unique counter (HO)
)
Package uniquecounter Info: New unique counter `rerunfilecheck' on input line 2
85.
)
\Hy@SectionHShift=\skip102
)
(/usr/share/texlive/texmf-dist/tex/latex/hyperxmp/hyperxmp.sty
Package: hyperxmp 2023/09/10 v5.12 Store hyperref metadata in XMP format
\hyxmp@aep@toks=\toks53

(/usr/share/texlive/texmf-dist/tex/latex/ifmtarg/ifmtarg.sty
Package: ifmtarg 2018/04/16 v1.2b check for an empty argument
)
(/usr/share/texlive/texmf-dist/tex/lualatex/luacode/luacode.sty
Package: luacode 2012/01/23 v1.2a lua-in-tex helpers (mpg)
\luacode@lines=\toks54
\luacode@table@soft=\catcodetable18
)
\@hyxmp@count=\count510

(/usr/share/texlive/texmf-dist/tex/latex/oberdiek/ifdraft.sty
Package: ifdraft 2016/05/16 v1.4 Detect class options draft and final (HO)
)
\hyxmp@cct=\catcodetable19
))
Package csquotes Info: Checking for multilingual support...
Package csquotes Info: ... found 'babel' package.

(/home/alberto/00_Produccion/Duek/latex/main.aux
LaTeX Info: Redefining \. on input line 13.
LaTeX Info: Redefining \% on input line 13.

(/home/alberto/00_Produccion/Duek/latex/c-fm-10-INTRODUCCION.aux)
(/home/alberto/00_Produccion/Duek/latex/c-a-01-CAP01.aux)
(/home/alberto/00_Produccion/Duek/latex/c-a-02-CAP02.aux)
(/home/alberto/00_Produccion/Duek/latex/c-a-03-CAP03.aux)
(/home/alberto/00_Produccion/Duek/latex/c-a-04-CAP04.aux)
(/home/alberto/00_Produccion/Duek/latex/c-a-05-CAP05.aux)
(/home/alberto/00_Produccion/Duek/latex/c-a-06-CAP06.aux)
(/home/alberto/00_Produccion/Duek/latex/c-bm-10-CODA.aux)
(/home/alberto/00_Produccion/Duek/latex/c-bm-11-CV-AUTORES.aux))
\openout1 = main.aux

LaTeX Font Info:    Checking defaults for OML/cmm/m/it on input line 49.
LaTeX Font Info:    ... okay on input line 49.
LaTeX Font Info:    Checking defaults for OMS/cmsy/m/n on input line 49.
LaTeX Font Info:    ... okay on input line 49.
LaTeX Font Info:    Checking defaults for OT1/cmr/m/n on input line 49.
LaTeX Font Info:    ... okay on input line 49.
LaTeX Font Info:    Checking defaults for T1/cmr/m/n on input line 49.
LaTeX Font Info:    ... okay on input line 49.
LaTeX Font Info:    Checking defaults for TS1/cmr/m/n on input line 49.
LaTeX Font Info:    ... okay on input line 49.
LaTeX Font Info:    Checking defaults for TU/lmr/m/n on input line 49.
LaTeX Font Info:    ... okay on input line 49.
LaTeX Font Info:    Checking defaults for OMX/cmex/m/n on input line 49.
LaTeX Font Info:    ... okay on input line 49.
LaTeX Font Info:    Checking defaults for U/cmr/m/n on input line 49.
LaTeX Font Info:    ... okay on input line 49.
LaTeX Font Info:    Checking defaults for PD1/pdf/m/n on input line 49.
LaTeX Font Info:    ... okay on input line 49.
LaTeX Font Info:    Checking defaults for PU/pdf/m/n on input line 49.
LaTeX Font Info:    ... okay on input line 49.

(/usr/share/texlive/texmf-dist/tex/context/base/mkii/supp-pdf.mkii
[Loading MPS to PDF converter (version 2006.09.02).]
\scratchcounter=\count511
\scratchdimen=\dimen330
\scratchbox=\box134
\nofMPsegments=\count512
\nofMParguments=\count513
\everyMPshowfont=\toks55
\MPscratchCnt=\count514
\MPscratchDim=\dimen331
\MPnumerator=\count515
\makeMPintoPDFobject=\count516
\everyMPtoPDFconversion=\toks56
) (/usr/share/texlive/texmf-dist/tex/latex/epstopdf-pkg/epstopdf-base.sty
Package: epstopdf-base 2020-01-24 v2.11 Base part for package epstopdf
Package epstopdf-base Info: Redefining graphics rule for `.eps' on input line 4
85.

(/usr/share/texlive/texmf-dist/tex/latex/latexconfig/epstopdf-sys.cfg
File: epstopdf-sys.cfg 2010/07/13 v1.3 Configuration of (r)epstopdf for TeX Liv
e
))
\c@lstlisting=\count517
LaTeX Info: Redefining \. on input line 49.
LaTeX Info: Redefining \% on input line 49.
Package biblatex Info: Trying to load language 'spanish' -> 'spanish-apa'...
Package biblatex Info: ... file 'spanish-apa.lbx' found.

(/usr/share/texlive/texmf-dist/tex/latex/biblatex-apa/spanish-apa.lbx
File: spanish-apa.lbx 2023/03/20 v9.17 APA biblatex localisation
Package biblatex Info: Trying to load language 'spanish'...
Package biblatex Info: ... file 'spanish.lbx' found.

(/usr/share/texlive/texmf-dist/tex/latex/biblatex/lbx/spanish.lbx
File: spanish.lbx 2023/03/05 v3.19 biblatex localization (PK/MW)
)
Package biblatex Info: Trying to load language 'spanish'...
Package biblatex Info: ... file 'spanish.lbx' found.

(/usr/share/texlive/texmf-dist/tex/latex/biblatex/lbx/spanish.lbx
File: spanish.lbx 2023/03/05 v3.19 biblatex localization (PK/MW)
))
Package biblatex Info: LuaTeX detected.
(biblatex)             Assuming input encoding 'utf8'.
Package biblatex Info: Automatic encoding selection.
(biblatex)             Assuming data encoding 'utf8'.

\openout4 = main.bcf
Package biblatex Info: Trying to load bibliographic data...
Package biblatex Info: ... file 'main.bbl' found.

(/home/alberto/00_Produccion/Duek/latex/main.bbl)
Package biblatex Info: Reference section=0 on input line 49.
Package biblatex Info: Reference segment=0 on input line 49.

*geometry* driver: auto-detecting
*geometry* detected driver: luatex
*geometry* verbose mode - [ preamble ] result:
* driver: luatex
* paper: custom
* layout: <same size as paper>
* layoutoffset:(h,v)=(0.0pt,0.0pt)
* modes: includehead includefoot twoside 
* h-part:(L,W,R)=(56.9055pt, 327.20671pt, 56.9055pt)
* v-part:(T,H,B)=(35.0pt, 562.50787pt, 56.9055pt)
* \paperwidth=441.01772pt
* \paperheight=654.41338pt
* \textwidth=327.20671pt
* \textheight=536.50787pt
* \oddsidemargin=-15.36449pt
* \evensidemargin=-15.36449pt
* \topmargin=-37.26999pt
* \headheight=12.0pt
* \headsep=14.0pt
* \topskip=10.0pt
* \footskip=0.0pt
* \marginparwidth=125.0pt
* \marginparsep=7.0pt
* \columnsep=10.0pt
* \skip\footins=14.0pt plus 0.1pt minus 0.1pt
* \hoffset=0.0pt
* \voffset=0.0pt
* \mag=1000
* \@twocolumnfalse
* \@twosidetrue
* \@mparswitchtrue
* \@reversemarginfalse
* (1in=72.27pt=25.4mm, 1cm=28.453pt)

LaTeX Info: Redefining \microtypecontext on input line 49.

Package microtype Warning: Unable to apply patch `item' on input line 49.

Package microtype Info: Applying patch `toc' on input line 49.
Package microtype Info: Applying patch `eqnum' on input line 49.
Package microtype Info: Applying patch `footnote' on input line 49.
Package microtype Info: Applying patch `verbatim' on input line 49.
Package microtype Info: Generating PDF output.
Package microtype Info: Character protrusion enabled (level 2).
Package microtype Info: Using default protrusion set `alltext'.
Package microtype Info: Automatic font expansion enabled (level 2),
(microtype)             stretch: 20, shrink: 20, step: 1, non-selected.
Package microtype Info: Using default expansion set `alltext-nott'.
LaTeX Info: Redefining \showhyphens on input line 49.
Package microtype Info: No adjustment of tracking.
Package microtype Info: No adjustment of spacing.
Package microtype Info: No adjustment of kerning.
Package microtype Info: Redefining babel's language switching commands.
Package microtype Info: Loading generic protrusion settings for font family
(microtype)             `LibertinusSerif' (encoding: TU).
(microtype)             For optimal results, create family-specific settings.
(microtype)             See the microtype manual for details.
LaTeX Font Info:    Overwriting math alphabet `\mathrm' in version `normal'
(Font)                  TU/LibertinusMath(1)/m/n --> TU/LibertinusSerif(0)/m/n 
on input line 49.
LaTeX Font Info:    Overwriting math alphabet `\mathit' in version `normal'
(Font)                  OT1/cmr/m/it --> TU/LibertinusSerif(0)/m/it on input li
ne 49.
LaTeX Font Info:    Overwriting math alphabet `\mathbf' in version `normal'
(Font)                  OT1/cmr/bx/n --> TU/LibertinusSerif(0)/b/n on input lin
e 49.
LaTeX Font Info:    Overwriting math alphabet `\mathsf' in version `normal'
(Font)                  OT1/cmss/m/n --> TU/IBMPlexSansCondensed(0)/m/n on inpu
t line 49.
LaTeX Font Info:    Overwriting math alphabet `\mathsf' in version `bold'
(Font)                  OT1/cmss/bx/n --> TU/IBMPlexSansCondensed(0)/b/n on inp
ut line 49.
LaTeX Font Info:    Overwriting math alphabet `\mathtt' in version `normal'
(Font)                  OT1/cmtt/m/n --> TU/IBMPlexMono(0)/m/n on input line 49
.
LaTeX Font Info:    Overwriting math alphabet `\mathtt' in version `bold'
(Font)                  OT1/cmtt/m/n --> TU/IBMPlexMono(0)/b/n on input line 49
.
Package caption Info: Begin \AtBeginDocument code.
Package caption Info: hyperref package is loaded.
Package caption Info: End \AtBeginDocument code.
Package hyperref Info: Link coloring ON on input line 49.
(/home/alberto/00_Produccion/Duek/latex/main.out)
(/home/alberto/00_Produccion/Duek/latex/main.out)
\@outlinefile=\write8

\openout8 = main.out
 [1


] [2]
LaTeX Font Info:    Font shape `TU/LibertinusSerif(0)/m/n' will be
(Font)              scaled to size 20.39026pt on input line 69.
 [3

{/var/lib/texmf/fonts/map/pdftex/updmap/pdftex.map}] [4


]
LaTeX Font Info:    Font shape `TU/LibertinusSerif(0)/m/n' will be
(Font)              scaled to size 14.15991pt on input line 70.
LaTeX Font Info:    Font shape `TU/LibertinusSerif(0)/m/sc' will be
(Font)              scaled to size 14.15991pt on input line 70.
LaTeX Font Info:    Font shape `TU/LibertinusSerif(0)/m/n' will be
(Font)              scaled to size 16.99188pt on input line 70.
<media/logo-portada.png, id=101, 56.8524pt x 28.1853pt>
File: media/logo-portada.png Graphic file (type png)
<use media/logo-portada.png>
Package luatex.def Info: media/logo-portada.png  used on input line 70.
(luatex.def)             Requested size: 56.9055pt x 28.21187pt.
 [5</home/alberto/00_Produccion/Duek/media/logo-portada.png>]
<media/logo-coleccion.png, id=106, 312.9291pt x 64.0794pt>
File: media/logo-coleccion.png Graphic file (type png)
<use media/logo-coleccion.png>
Package luatex.def Info: media/logo-coleccion.png  used on input line 71.
(luatex.def)             Requested size: 312.9803pt x 64.0939pt.
 [6


</home/alberto/00_Produccion/Duek/media/logo-coleccion.png>]
Package biblatex Info: Resetting trackers on input line 72.
LaTeX Font Info:    Font shape `TU/IBMPlexSansCondensed(0)/m/n' will be
(Font)              scaled to size 14.12686pt on input line 72.
Package microtype Info: Loading generic protrusion settings for font family
(microtype)             `IBMPlexSansCondensed' (encoding: TU).
(microtype)             For optimal results, create family-specific settings.
(microtype)             See the microtype manual for details.
LaTeX Font Info:    Font shape `TU/IBMPlexSansCondensed(0)/m/n' will be
(Font)              scaled to size 16.95224pt on input line 72.
 (/home/alberto/00_Produccion/Duek/latex/main.toc
LaTeX Info: Redefining \sptext on input line 1.
LaTeX Info: Redefining \. on input line 1.
LaTeX Info: Redefining \% on input line 1.
LaTeX Font Info:    Font shape `TU/IBMPlexSansCondensed(0)/m/n' will be
(Font)              scaled to size 9.81033pt on input line 3.
LaTeX Font Info:    Font shape `TU/IBMPlexSansCondensed(0)/b/n' will be
(Font)              scaled to size 9.69757pt on input line 3.
LaTeX Font Info:    Font shape `TU/LibertinusSerif(0)/m/n' will be
(Font)              scaled to size 10.61993pt on input line 3.
)
\tf@toc=\write9

\openout9 = main.toc
LaTeX Info: Redefining \. on input line 77.
LaTeX Info: Redefining \% on input line 77.
LaTeX Info: Redefining \. on input line 77.
LaTeX Info: Redefining \% on input line 77.
 [7


]
\openout2 = c-fm-10-INTRODUCCION.aux

(/home/alberto/00_Produccion/Duek/latex/c-fm-10-INTRODUCCION.tex
\blx@maxsegment@1=\count518
\blx@sectionciteorder@1=\count519
Package biblatex Info: Reference section=1 on input line 2.
Package biblatex Info: Setting label 'refsection:1' on input line 2.
 [8


]
Package biblatex Info: Resetting trackers on input line 4.
LaTeX Font Info:    Font shape `TU/LibertinusSerif(0)/m/sc' will be
(Font)              scaled to size 11.79993pt on input line 4.
Package microtype Info: Loading generic protrusion settings for font family
(microtype)             `LibertinusMath' (encoding: TU).
(microtype)             For optimal results, create family-specific settings.
(microtype)             See the microtype manual for details.
LaTeX Font Info:    Font shape `TU/LibertinusSerif(0)/m/n' will be
(Font)              scaled to size 9.43994pt on input line 11.
LaTeX Font Info:    Font shape `TU/LibertinusSerif(0)/m/n' will be
(Font)              scaled to size 8.25995pt on input line 11.
LaTeX Font Info:    Font shape `TU/IBMPlexSansCondensed(0)/m/n' will be
(Font)              scaled to size 6.86723pt on input line 11.
LaTeX Info: Redefining \. on input line 17.
LaTeX Info: Redefining \% on input line 17.
LaTeX Info: Redefining \. on input line 17.
LaTeX Info: Redefining \% on input line 17.
 [9]
LaTeX Font Info:    Font shape `TU/IBMPlexSansCondensed(0)/b/n' will be
(Font)              scaled to size 11.63708pt on input line 21.
LaTeX Info: Redefining \. on input line 24.
LaTeX Info: Redefining \% on input line 24.
LaTeX Info: Redefining \. on input line 24.
LaTeX Info: Redefining \% on input line 24.

[10]
LaTeX Font Info:    Font shape `TU/LibertinusSerif(0)/m/it' will be
(Font)              scaled to size 11.79993pt on input line 25.
LaTeX Info: Redefining \. on input line 28.
LaTeX Info: Redefining \% on input line 28.
LaTeX Info: Redefining \. on input line 28.
LaTeX Info: Redefining \% on input line 28.
 [11]
LaTeX Info: Redefining \. on input line 30.
LaTeX Info: Redefining \% on input line 30.
LaTeX Info: Redefining \. on input line 30.
LaTeX Info: Redefining \% on input line 30.
 [12]
LaTeX Info: Redefining \. on input line 34.
LaTeX Info: Redefining \% on input line 34.
LaTeX Info: Redefining \. on input line 34.
LaTeX Info: Redefining \% on input line 34.
 [13]
LaTeX Info: Redefining \. on input line 43.
LaTeX Info: Redefining \% on input line 43.
LaTeX Info: Redefining \. on input line 43.
LaTeX Info: Redefining \% on input line 43.
 [14]
LaTeX Info: Redefining \. on input line 48.
LaTeX Info: Redefining \% on input line 48.
LaTeX Info: Redefining \. on input line 48.
LaTeX Info: Redefining \% on input line 48.
 [15]
LaTeX Info: Redefining \. on input line 57.
LaTeX Info: Redefining \% on input line 57.
LaTeX Info: Redefining \. on input line 57.
LaTeX Info: Redefining \% on input line 57.
 [16]
LaTeX Info: Redefining \. on input line 62.
LaTeX Info: Redefining \% on input line 62.
LaTeX Info: Redefining \. on input line 62.
LaTeX Info: Redefining \% on input line 62.
 [17]
LaTeX Info: Redefining \. on input line 70.
LaTeX Info: Redefining \% on input line 70.
LaTeX Info: Redefining \. on input line 70.
LaTeX Info: Redefining \% on input line 70.
 [18]
LaTeX Info: Redefining \. on input line 76.
LaTeX Info: Redefining \% on input line 76.
LaTeX Info: Redefining \. on input line 76.
LaTeX Info: Redefining \% on input line 76.
 [19]
LaTeX Info: Redefining \. on input line 84.
LaTeX Info: Redefining \% on input line 84.
LaTeX Info: Redefining \. on input line 84.
LaTeX Info: Redefining \% on input line 84.
 [20]
LaTeX Info: Redefining \. on input line 85.
LaTeX Info: Redefining \% on input line 85.
LaTeX Info: Redefining \. on input line 85.
LaTeX Info: Redefining \% on input line 85.
 [21]
Package biblatex Info: Reference section=0 on input line 86.
)
LaTeX Info: Redefining \. on input line 77.
LaTeX Info: Redefining \% on input line 77.
LaTeX Info: Redefining \. on input line 77.
LaTeX Info: Redefining \% on input line 77.
 [22]
\openout2 = c-a-01-CAP01.aux

(/home/alberto/00_Produccion/Duek/latex/c-a-01-CAP01.tex
\blx@maxsegment@2=\count520
\blx@sectionciteorder@2=\count521
Package biblatex Info: Reference section=2 on input line 2.
Package biblatex Info: Setting label 'refsection:2' on input line 2.

Capítulo 1.
Package biblatex Info: Resetting trackers on input line 4.
LaTeX Font Info:    Font shape `TU/LibertinusSerif(0)/m/sc' will be
(Font)              scaled to size 16.99188pt on input line 4.
LaTeX Info: Redefining \. on input line 13.
LaTeX Info: Redefining \% on input line 13.
LaTeX Info: Redefining \. on input line 13.
LaTeX Info: Redefining \% on input line 13.
[1





]
LaTeX Info: Redefining \. on input line 22.
LaTeX Info: Redefining \% on input line 22.
LaTeX Info: Redefining \. on input line 22.
LaTeX Info: Redefining \% on input line 22.
 [2]
LaTeX Info: Redefining \. on input line 28.
LaTeX Info: Redefining \% on input line 28.
LaTeX Info: Redefining \. on input line 28.
LaTeX Info: Redefining \% on input line 28.
 [3]
LaTeX Info: Redefining \. on input line 38.
LaTeX Info: Redefining \% on input line 38.
LaTeX Info: Redefining \. on input line 38.
LaTeX Info: Redefining \% on input line 38.
 [4]
LaTeX Info: Redefining \. on input line 51.
LaTeX Info: Redefining \% on input line 51.
LaTeX Info: Redefining \. on input line 51.
LaTeX Info: Redefining \% on input line 51.
 [5]
LaTeX Font Info:    Font shape `TU/IBMPlexSansCondensed(0)/m/n' will be
(Font)              scaled to size 8.8293pt on input line 54.
LaTeX Font Info:    Font shape `TU/IBMPlexSansCondensed(0)/b/n' will be
(Font)              scaled to size 8.72781pt on input line 57.
LaTeX Info: Redefining \. on input line 78.
LaTeX Info: Redefining \% on input line 78.
LaTeX Info: Redefining \. on input line 78.
LaTeX Info: Redefining \% on input line 78.
 [6]
LaTeX Font Info:    Font shape `TU/IBMPlexSansCondensed(0)/m/it' will be
(Font)              scaled to size 8.8293pt on input line 83.
LaTeX Info: Redefining \. on input line 92.
LaTeX Info: Redefining \% on input line 92.
LaTeX Info: Redefining \. on input line 92.
LaTeX Info: Redefining \% on input line 92.
 [7]
LaTeX Info: Redefining \. on input line 104.
LaTeX Info: Redefining \% on input line 104.
LaTeX Info: Redefining \. on input line 104.
LaTeX Info: Redefining \% on input line 104.
 [8]
LaTeX Info: Redefining \. on input line 111.
LaTeX Info: Redefining \% on input line 111.
LaTeX Info: Redefining \. on input line 111.
LaTeX Info: Redefining \% on input line 111.
 [9]
LaTeX Info: Redefining \. on input line 125.
LaTeX Info: Redefining \% on input line 125.
LaTeX Info: Redefining \. on input line 125.
LaTeX Info: Redefining \% on input line 125.
 [10]
LaTeX Info: Redefining \. on input line 141.
LaTeX Info: Redefining \% on input line 141.
LaTeX Info: Redefining \. on input line 141.
LaTeX Info: Redefining \% on input line 141.
 [11]
LaTeX Info: Redefining \. on input line 158.
LaTeX Info: Redefining \% on input line 158.
LaTeX Info: Redefining \. on input line 158.
LaTeX Info: Redefining \% on input line 158.
 [12]
LaTeX Info: Redefining \. on input line 174.
LaTeX Info: Redefining \% on input line 174.
LaTeX Info: Redefining \. on input line 174.
LaTeX Info: Redefining \% on input line 174.
 [13]
LaTeX Info: Redefining \. on input line 181.
LaTeX Info: Redefining \% on input line 181.
LaTeX Info: Redefining \. on input line 181.
LaTeX Info: Redefining \% on input line 181.
 [14]
LaTeX Info: Redefining \. on input line 195.
LaTeX Info: Redefining \% on input line 195.
LaTeX Info: Redefining \. on input line 195.
LaTeX Info: Redefining \% on input line 195.
 [15]
LaTeX Info: Redefining \. on input line 216.
LaTeX Info: Redefining \% on input line 216.
LaTeX Info: Redefining \. on input line 216.
LaTeX Info: Redefining \% on input line 216.
 [16]
LaTeX Info: Redefining \. on input line 222.
LaTeX Info: Redefining \% on input line 222.
LaTeX Info: Redefining \. on input line 222.
LaTeX Info: Redefining \% on input line 222.
 [17]
LaTeX Info: Redefining \. on input line 225.
LaTeX Info: Redefining \% on input line 225.
LaTeX Info: Redefining \. on input line 225.
LaTeX Info: Redefining \% on input line 225.

[18]
LaTeX Info: Redefining \. on input line 225.
LaTeX Info: Redefining \% on input line 225.
LaTeX Info: Redefining \. on input line 225.
LaTeX Info: Redefining \% on input line 225.
 [19]
Package biblatex Info: Reference section=0 on input line 226.
)
LaTeX Info: Redefining \. on input line 86.
LaTeX Info: Redefining \% on input line 86.
LaTeX Info: Redefining \. on input line 86.
LaTeX Info: Redefining \% on input line 86.
 [20]
\openout2 = c-a-02-CAP02.aux
 (/home/alberto/00_Produccion/Duek/latex/c-a-02-CAP02.tex
\blx@maxsegment@3=\count522
\blx@sectionciteorder@3=\count523
Package biblatex Info: Reference section=3 on input line 2.
Package biblatex Info: Setting label 'refsection:3' on input line 2.

Capítulo 2.
Package biblatex Info: Resetting trackers on input line 4.
LaTeX Info: Redefining \. on input line 24.
LaTeX Info: Redefining \% on input line 24.
LaTeX Info: Redefining \. on input line 24.
LaTeX Info: Redefining \% on input line 24.
[21




]
LaTeX Info: Redefining \. on input line 30.
LaTeX Info: Redefining \% on input line 30.
LaTeX Info: Redefining \. on input line 30.
LaTeX Info: Redefining \% on input line 30.
 [22]
LaTeX Info: Redefining \. on input line 40.
LaTeX Info: Redefining \% on input line 40.
LaTeX Info: Redefining \. on input line 40.
LaTeX Info: Redefining \% on input line 40.
 [23]
LaTeX Font Info:    Font shape `TU/IBMPlexSansCondensed(0)/m/n' will be
(Font)              scaled to size 11.7724pt on input line 42.
LaTeX Info: Redefining \. on input line 57.
LaTeX Info: Redefining \% on input line 57.
LaTeX Info: Redefining \. on input line 57.
LaTeX Info: Redefining \% on input line 57.
 [24]
LaTeX Info: Redefining \. on input line 87.
LaTeX Info: Redefining \% on input line 87.
LaTeX Info: Redefining \. on input line 87.
LaTeX Info: Redefining \% on input line 87.
 [25]
LaTeX Font Info:    Font shape `TU/LibertinusMath(1)/m/n' will be
(Font)              scaled to size 10.61993pt on input line 114.
LaTeX Font Info:    Font shape `TU/LibertinusMath(1)/m/n' will be
(Font)              scaled to size 5.89996pt on input line 114.
LaTeX Font Info:    Font shape `TU/LibertinusMath(2)/m/n' will be
(Font)              scaled to size 10.61993pt on input line 114.
LaTeX Font Info:    Font shape `TU/LibertinusMath(2)/m/n' will be
(Font)              scaled to size 5.89996pt on input line 114.
LaTeX Font Info:    Font shape `TU/LibertinusMath(3)/m/n' will be
(Font)              scaled to size 10.61993pt on input line 114.
LaTeX Font Info:    Font shape `TU/LibertinusMath(3)/m/n' will be
(Font)              scaled to size 5.89996pt on input line 114.
LaTeX Info: Redefining \. on input line 115.
LaTeX Info: Redefining \% on input line 115.
LaTeX Info: Redefining \. on input line 115.
LaTeX Info: Redefining \% on input line 115.
 [26]
LaTeX Info: Redefining \. on input line 143.
LaTeX Info: Redefining \% on input line 143.
LaTeX Info: Redefining \. on input line 143.
LaTeX Info: Redefining \% on input line 143.
 [27]
LaTeX Info: Redefining \. on input line 154.
LaTeX Info: Redefining \% on input line 154.
LaTeX Info: Redefining \. on input line 154.
LaTeX Info: Redefining \% on input line 154.
 [28]
LaTeX Info: Redefining \. on input line 164.
LaTeX Info: Redefining \% on input line 164.
LaTeX Info: Redefining \. on input line 164.
LaTeX Info: Redefining \% on input line 164.
 [29]
LaTeX Info: Redefining \. on input line 184.
LaTeX Info: Redefining \% on input line 184.
LaTeX Info: Redefining \. on input line 184.
LaTeX Info: Redefining \% on input line 184.
 [30]
LaTeX Info: Redefining \. on input line 205.
LaTeX Info: Redefining \% on input line 205.
LaTeX Info: Redefining \. on input line 205.
LaTeX Info: Redefining \% on input line 205.
 [31]
LaTeX Info: Redefining \. on input line 219.
LaTeX Info: Redefining \% on input line 219.
LaTeX Info: Redefining \. on input line 219.
LaTeX Info: Redefining \% on input line 219.
 [32]
LaTeX Info: Redefining \. on input line 229.
LaTeX Info: Redefining \% on input line 229.
LaTeX Info: Redefining \. on input line 229.
LaTeX Info: Redefining \% on input line 229.
 [33]
LaTeX Info: Redefining \. on input line 251.
LaTeX Info: Redefining \% on input line 251.
LaTeX Info: Redefining \. on input line 251.
LaTeX Info: Redefining \% on input line 251.
 [34]
LaTeX Info: Redefining \. on input line 269.
LaTeX Info: Redefining \% on input line 269.
LaTeX Info: Redefining \. on input line 269.
LaTeX Info: Redefining \% on input line 269.
 [35]
LaTeX Info: Redefining \. on input line 287.
LaTeX Info: Redefining \% on input line 287.
LaTeX Info: Redefining \. on input line 287.
LaTeX Info: Redefining \% on input line 287.

[36]
LaTeX Info: Redefining \. on input line 315.
LaTeX Info: Redefining \% on input line 315.
LaTeX Info: Redefining \. on input line 315.
LaTeX Info: Redefining \% on input line 315.
 [37]
LaTeX Info: Redefining \. on input line 330.
LaTeX Info: Redefining \% on input line 330.
LaTeX Info: Redefining \. on input line 330.
LaTeX Info: Redefining \% on input line 330.
 [38]
LaTeX Info: Redefining \. on input line 338.
LaTeX Info: Redefining \% on input line 338.
LaTeX Info: Redefining \. on input line 338.
LaTeX Info: Redefining \% on input line 338.
 [39]
LaTeX Info: Redefining \. on input line 341.
LaTeX Info: Redefining \% on input line 341.
LaTeX Info: Redefining \. on input line 341.
LaTeX Info: Redefining \% on input line 341.
 [40]
LaTeX Info: Redefining \. on input line 341.
LaTeX Info: Redefining \% on input line 341.
LaTeX Info: Redefining \. on input line 341.
LaTeX Info: Redefining \% on input line 341.
 [41]
Package biblatex Info: Reference section=0 on input line 342.
)
LaTeX Info: Redefining \. on input line 90.
LaTeX Info: Redefining \% on input line 90.
LaTeX Info: Redefining \. on input line 90.
LaTeX Info: Redefining \% on input line 90.
 [42]
\openout2 = c-a-03-CAP03.aux

(/home/alberto/00_Produccion/Duek/latex/c-a-03-CAP03.tex
\blx@maxsegment@4=\count524
\blx@sectionciteorder@4=\count525
Package biblatex Info: Reference section=4 on input line 2.
Package biblatex Info: Setting label 'refsection:4' on input line 2.

Capítulo 3.
Package biblatex Info: Resetting trackers on input line 4.
LaTeX Info: Redefining \. on input line 13.
LaTeX Info: Redefining \% on input line 13.
LaTeX Info: Redefining \. on input line 13.
LaTeX Info: Redefining \% on input line 13.
[43




]
LaTeX Info: Redefining \. on input line 31.
LaTeX Info: Redefining \% on input line 31.
LaTeX Info: Redefining \. on input line 31.
LaTeX Info: Redefining \% on input line 31.
 [44]
LaTeX Info: Redefining \. on input line 40.
LaTeX Info: Redefining \% on input line 40.
LaTeX Info: Redefining \. on input line 40.
LaTeX Info: Redefining \% on input line 40.
 [45]
LaTeX Info: Redefining \. on input line 66.
LaTeX Info: Redefining \% on input line 66.
LaTeX Info: Redefining \. on input line 66.
LaTeX Info: Redefining \% on input line 66.
 [46]
LaTeX Info: Redefining \. on input line 90.
LaTeX Info: Redefining \% on input line 90.
LaTeX Info: Redefining \. on input line 90.
LaTeX Info: Redefining \% on input line 90.
 [47]
LaTeX Info: Redefining \. on input line 114.
LaTeX Info: Redefining \% on input line 114.
LaTeX Info: Redefining \. on input line 114.
LaTeX Info: Redefining \% on input line 114.
 [48]
LaTeX Info: Redefining \. on input line 126.
LaTeX Info: Redefining \% on input line 126.
LaTeX Info: Redefining \. on input line 126.
LaTeX Info: Redefining \% on input line 126.
 [49]
LaTeX Info: Redefining \. on input line 150.
LaTeX Info: Redefining \% on input line 150.
LaTeX Info: Redefining \. on input line 150.
LaTeX Info: Redefining \% on input line 150.
 [50]
LaTeX Info: Redefining \. on input line 167.
LaTeX Info: Redefining \% on input line 167.
LaTeX Info: Redefining \. on input line 167.
LaTeX Info: Redefining \% on input line 167.
 [51]
LaTeX Info: Redefining \. on input line 196.
LaTeX Info: Redefining \% on input line 196.
LaTeX Info: Redefining \. on input line 196.
LaTeX Info: Redefining \% on input line 196.
 [52]
LaTeX Info: Redefining \. on input line 213.
LaTeX Info: Redefining \% on input line 213.
LaTeX Info: Redefining \. on input line 213.
LaTeX Info: Redefining \% on input line 213.
 [53]
LaTeX Info: Redefining \. on input line 238.
LaTeX Info: Redefining \% on input line 238.
LaTeX Info: Redefining \. on input line 238.
LaTeX Info: Redefining \% on input line 238.
 [54]
LaTeX Info: Redefining \. on input line 242.
LaTeX Info: Redefining \% on input line 242.
LaTeX Info: Redefining \. on input line 242.
LaTeX Info: Redefining \% on input line 242.
 [55]
LaTeX Info: Redefining \. on input line 248.
LaTeX Info: Redefining \% on input line 248.
LaTeX Info: Redefining \. on input line 248.
LaTeX Info: Redefining \% on input line 248.
 [56]
LaTeX Info: Redefining \. on input line 253.
LaTeX Info: Redefining \% on input line 253.
LaTeX Info: Redefining \. on input line 253.
LaTeX Info: Redefining \% on input line 253.
 [57]
Package biblatex Info: Reference section=0 on input line 254.
)
LaTeX Info: Redefining \. on input line 94.
LaTeX Info: Redefining \% on input line 94.
LaTeX Info: Redefining \. on input line 94.
LaTeX Info: Redefining \% on input line 94.

[58]
\openout2 = c-a-04-CAP04.aux
 (/home/alberto/00_Produccion/Duek/latex/c-a-04-CAP04.tex
\blx@maxsegment@5=\count526
\blx@sectionciteorder@5=\count527
Package biblatex Info: Reference section=5 on input line 2.
Package biblatex Info: Setting label 'refsection:5' on input line 2.

Capítulo 4.
Package biblatex Info: Resetting trackers on input line 4.
LaTeX Info: Redefining \. on input line 13.
LaTeX Info: Redefining \% on input line 13.
LaTeX Info: Redefining \. on input line 13.
LaTeX Info: Redefining \% on input line 13.
[59




]
LaTeX Info: Redefining \. on input line 22.
LaTeX Info: Redefining \% on input line 22.
LaTeX Info: Redefining \. on input line 22.
LaTeX Info: Redefining \% on input line 22.
 [60]
LaTeX Info: Redefining \. on input line 30.
LaTeX Info: Redefining \% on input line 30.
LaTeX Info: Redefining \. on input line 30.
LaTeX Info: Redefining \% on input line 30.
 [61]
LaTeX Info: Redefining \. on input line 34.
LaTeX Info: Redefining \% on input line 34.
LaTeX Info: Redefining \. on input line 34.
LaTeX Info: Redefining \% on input line 34.
 [62]
LaTeX Info: Redefining \. on input line 46.
LaTeX Info: Redefining \% on input line 46.
LaTeX Info: Redefining \. on input line 46.
LaTeX Info: Redefining \% on input line 46.
 [63]
LaTeX Info: Redefining \. on input line 64.
LaTeX Info: Redefining \% on input line 64.
LaTeX Info: Redefining \. on input line 64.
LaTeX Info: Redefining \% on input line 64.
 [64]
LaTeX Info: Redefining \. on input line 78.
LaTeX Info: Redefining \% on input line 78.
LaTeX Info: Redefining \. on input line 78.
LaTeX Info: Redefining \% on input line 78.
 [65]
LaTeX Info: Redefining \. on input line 96.
LaTeX Info: Redefining \% on input line 96.
LaTeX Info: Redefining \. on input line 96.
LaTeX Info: Redefining \% on input line 96.
 [66]
LaTeX Info: Redefining \. on input line 109.
LaTeX Info: Redefining \% on input line 109.
LaTeX Info: Redefining \. on input line 109.
LaTeX Info: Redefining \% on input line 109.
 [67]
LaTeX Info: Redefining \. on input line 130.
LaTeX Info: Redefining \% on input line 130.
LaTeX Info: Redefining \. on input line 130.
LaTeX Info: Redefining \% on input line 130.
 [68]
LaTeX Info: Redefining \. on input line 145.
LaTeX Info: Redefining \% on input line 145.
LaTeX Info: Redefining \. on input line 145.
LaTeX Info: Redefining \% on input line 145.
 [69]
LaTeX Info: Redefining \. on input line 160.
LaTeX Info: Redefining \% on input line 160.
LaTeX Info: Redefining \. on input line 160.
LaTeX Info: Redefining \% on input line 160.
 [70]
LaTeX Info: Redefining \. on input line 170.
LaTeX Info: Redefining \% on input line 170.
LaTeX Info: Redefining \. on input line 170.
LaTeX Info: Redefining \% on input line 170.
 [71]
LaTeX Info: Redefining \. on input line 188.
LaTeX Info: Redefining \% on input line 188.
LaTeX Info: Redefining \. on input line 188.
LaTeX Info: Redefining \% on input line 188.
 [72]
LaTeX Info: Redefining \. on input line 203.
LaTeX Info: Redefining \% on input line 203.
LaTeX Info: Redefining \. on input line 203.
LaTeX Info: Redefining \% on input line 203.
 [73]
LaTeX Info: Redefining \. on input line 207.
LaTeX Info: Redefining \% on input line 207.
LaTeX Info: Redefining \. on input line 207.
LaTeX Info: Redefining \% on input line 207.

[74]
LaTeX Info: Redefining \. on input line 213.
LaTeX Info: Redefining \% on input line 213.
LaTeX Info: Redefining \. on input line 213.
LaTeX Info: Redefining \% on input line 213.
 [75]
LaTeX Info: Redefining \. on input line 216.
LaTeX Info: Redefining \% on input line 216.
LaTeX Info: Redefining \. on input line 216.
LaTeX Info: Redefining \% on input line 216.
 [76]
Package biblatex Info: Reference section=0 on input line 217.
)
LaTeX Info: Redefining \. on input line 98.
LaTeX Info: Redefining \% on input line 98.
LaTeX Info: Redefining \. on input line 98.
LaTeX Info: Redefining \% on input line 98.
 [77]
\openout2 = c-a-05-CAP05.aux
 (/home/alberto/00_Produccion/Duek/latex/c-a-05-CAP05.tex
\blx@maxsegment@6=\count528
\blx@sectionciteorder@6=\count529
Package biblatex Info: Reference section=6 on input line 2.
Package biblatex Info: Setting label 'refsection:6' on input line 2.

[78




]
Capítulo 5.
Package biblatex Info: Resetting trackers on input line 4.
LaTeX Info: Redefining \. on input line 13.
LaTeX Info: Redefining \% on input line 13.
LaTeX Info: Redefining \. on input line 13.
LaTeX Info: Redefining \% on input line 13.
[79]
LaTeX Info: Redefining \. on input line 22.
LaTeX Info: Redefining \% on input line 22.
LaTeX Info: Redefining \. on input line 22.
LaTeX Info: Redefining \% on input line 22.
 [80]
LaTeX Info: Redefining \. on input line 28.
LaTeX Info: Redefining \% on input line 28.
LaTeX Info: Redefining \. on input line 28.
LaTeX Info: Redefining \% on input line 28.
 [81]
LaTeX Info: Redefining \. on input line 39.
LaTeX Info: Redefining \% on input line 39.
LaTeX Info: Redefining \. on input line 39.
LaTeX Info: Redefining \% on input line 39.
 [82]
LaTeX Info: Redefining \. on input line 54.
LaTeX Info: Redefining \% on input line 54.
LaTeX Info: Redefining \. on input line 54.
LaTeX Info: Redefining \% on input line 54.
 [83]
LaTeX Info: Redefining \. on input line 64.
LaTeX Info: Redefining \% on input line 64.
LaTeX Info: Redefining \. on input line 64.
LaTeX Info: Redefining \% on input line 64.
 [84]
LaTeX Info: Redefining \. on input line 73.
LaTeX Info: Redefining \% on input line 73.
LaTeX Info: Redefining \. on input line 73.
LaTeX Info: Redefining \% on input line 73.
 [85]
LaTeX Info: Redefining \. on input line 93.
LaTeX Info: Redefining \% on input line 93.
LaTeX Info: Redefining \. on input line 93.
LaTeX Info: Redefining \% on input line 93.
 [86]
LaTeX Info: Redefining \. on input line 117.
LaTeX Info: Redefining \% on input line 117.
LaTeX Info: Redefining \. on input line 117.
LaTeX Info: Redefining \% on input line 117.
 [87]
LaTeX Info: Redefining \. on input line 130.
LaTeX Info: Redefining \% on input line 130.
LaTeX Info: Redefining \. on input line 130.
LaTeX Info: Redefining \% on input line 130.
 [88]
LaTeX Info: Redefining \. on input line 154.
LaTeX Info: Redefining \% on input line 154.
LaTeX Info: Redefining \. on input line 154.
LaTeX Info: Redefining \% on input line 154.
 [89]
LaTeX Info: Redefining \. on input line 175.
LaTeX Info: Redefining \% on input line 175.
LaTeX Info: Redefining \. on input line 175.
LaTeX Info: Redefining \% on input line 175.
 [90]
LaTeX Info: Redefining \. on input line 181.
LaTeX Info: Redefining \% on input line 181.
LaTeX Info: Redefining \. on input line 181.
LaTeX Info: Redefining \% on input line 181.
 [91]
LaTeX Info: Redefining \. on input line 189.
LaTeX Info: Redefining \% on input line 189.
LaTeX Info: Redefining \. on input line 189.
LaTeX Info: Redefining \% on input line 189.
 [92]
Package biblatex Info: Reference section=0 on input line 191.
)
LaTeX Info: Redefining \. on input line 102.
LaTeX Info: Redefining \% on input line 102.
LaTeX Info: Redefining \. on input line 102.
LaTeX Info: Redefining \% on input line 102.
 [93]
\openout2 = c-a-06-CAP06.aux

(/home/alberto/00_Produccion/Duek/latex/c-a-06-CAP06.tex
\blx@maxsegment@7=\count530
\blx@sectionciteorder@7=\count531
Package biblatex Info: Reference section=7 on input line 2.
Package biblatex Info: Setting label 'refsection:7' on input line 2.
 [94




]
Capítulo 6.
Package biblatex Info: Resetting trackers on input line 4.
LaTeX Info: Redefining \. on input line 13.
LaTeX Info: Redefining \% on input line 13.
LaTeX Info: Redefining \. on input line 13.
LaTeX Info: Redefining \% on input line 13.
[95]
LaTeX Info: Redefining \. on input line 22.
LaTeX Info: Redefining \% on input line 22.
LaTeX Info: Redefining \. on input line 22.
LaTeX Info: Redefining \% on input line 22.
 [96]
LaTeX Info: Redefining \. on input line 26.
LaTeX Info: Redefining \% on input line 26.
LaTeX Info: Redefining \. on input line 26.
LaTeX Info: Redefining \% on input line 26.
 [97]
LaTeX Info: Redefining \. on input line 28.
LaTeX Info: Redefining \% on input line 28.
LaTeX Info: Redefining \. on input line 28.
LaTeX Info: Redefining \% on input line 28.
 [98]
LaTeX Info: Redefining \. on input line 34.
LaTeX Info: Redefining \% on input line 34.
LaTeX Info: Redefining \. on input line 34.
LaTeX Info: Redefining \% on input line 34.
 [99]
LaTeX Info: Redefining \. on input line 51.
LaTeX Info: Redefining \% on input line 51.
LaTeX Info: Redefining \. on input line 51.
LaTeX Info: Redefining \% on input line 51.
 [100]
LaTeX Info: Redefining \. on input line 66.
LaTeX Info: Redefining \% on input line 66.
LaTeX Info: Redefining \. on input line 66.
LaTeX Info: Redefining \% on input line 66.
 [101]
Overfull \vbox (2.95334pt too high) has occurred while \output is active []

LaTeX Info: Redefining \. on input line 90.
LaTeX Info: Redefining \% on input line 90.
LaTeX Info: Redefining \. on input line 90.
LaTeX Info: Redefining \% on input line 90.

[102]
LaTeX Info: Redefining \. on input line 110.
LaTeX Info: Redefining \% on input line 110.
LaTeX Info: Redefining \. on input line 110.
LaTeX Info: Redefining \% on input line 110.
 [103]
LaTeX Info: Redefining \. on input line 126.
LaTeX Info: Redefining \% on input line 126.
LaTeX Info: Redefining \. on input line 126.
LaTeX Info: Redefining \% on input line 126.
 [104]
LaTeX Info: Redefining \. on input line 141.
LaTeX Info: Redefining \% on input line 141.
LaTeX Info: Redefining \. on input line 141.
LaTeX Info: Redefining \% on input line 141.
 [105]
LaTeX Info: Redefining \. on input line 153.
LaTeX Info: Redefining \% on input line 153.
LaTeX Info: Redefining \. on input line 153.
LaTeX Info: Redefining \% on input line 153.
 [106]
LaTeX Info: Redefining \. on input line 163.
LaTeX Info: Redefining \% on input line 163.
LaTeX Info: Redefining \. on input line 163.
LaTeX Info: Redefining \% on input line 163.
 [107]
LaTeX Info: Redefining \. on input line 178.
LaTeX Info: Redefining \% on input line 178.
LaTeX Info: Redefining \. on input line 178.
LaTeX Info: Redefining \% on input line 178.
 [108]
LaTeX Font Info:    Font shape `TU/LibertinusSerif(0)/m/it' will be
(Font)              scaled to size 10.61993pt on input line 183.
LaTeX Info: Redefining \. on input line 188.
LaTeX Info: Redefining \% on input line 188.
LaTeX Info: Redefining \. on input line 188.
LaTeX Info: Redefining \% on input line 188.
 [109]
LaTeX Info: Redefining \. on input line 206.
LaTeX Info: Redefining \% on input line 206.
LaTeX Info: Redefining \. on input line 206.
LaTeX Info: Redefining \% on input line 206.
 [110]
LaTeX Info: Redefining \. on input line 222.
LaTeX Info: Redefining \% on input line 222.
LaTeX Info: Redefining \. on input line 222.
LaTeX Info: Redefining \% on input line 222.
 [111]
LaTeX Info: Redefining \. on input line 238.
LaTeX Info: Redefining \% on input line 238.
LaTeX Info: Redefining \. on input line 238.
LaTeX Info: Redefining \% on input line 238.
 [112]
LaTeX Info: Redefining \. on input line 247.
LaTeX Info: Redefining \% on input line 247.
LaTeX Info: Redefining \. on input line 247.
LaTeX Info: Redefining \% on input line 247.
 [113]
LaTeX Info: Redefining \. on input line 255.
LaTeX Info: Redefining \% on input line 255.
LaTeX Info: Redefining \. on input line 255.
LaTeX Info: Redefining \% on input line 255.

[114]
LaTeX Info: Redefining \. on input line 258.
LaTeX Info: Redefining \% on input line 258.
LaTeX Info: Redefining \. on input line 258.
LaTeX Info: Redefining \% on input line 258.
 [115]
LaTeX Info: Redefining \. on input line 258.
LaTeX Info: Redefining \% on input line 258.
LaTeX Info: Redefining \. on input line 258.
LaTeX Info: Redefining \% on input line 258.
 [116]
Package biblatex Info: Reference section=0 on input line 259.
)
LaTeX Info: Redefining \. on input line 106.
LaTeX Info: Redefining \% on input line 106.
LaTeX Info: Redefining \. on input line 106.
LaTeX Info: Redefining \% on input line 106.
 [117]
\openout2 = c-bm-10-CODA.aux

(/home/alberto/00_Produccion/Duek/latex/c-bm-10-CODA.tex [118




]
Package biblatex Info: Resetting trackers on input line 2.
LaTeX Info: Redefining \. on input line 9.
LaTeX Info: Redefining \% on input line 9.
LaTeX Info: Redefining \. on input line 9.
LaTeX Info: Redefining \% on input line 9.
 [119]
LaTeX Info: Redefining \. on input line 16.
LaTeX Info: Redefining \% on input line 16.
LaTeX Info: Redefining \. on input line 16.
LaTeX Info: Redefining \% on input line 16.
 [120]
LaTeX Info: Redefining \. on input line 20.
LaTeX Info: Redefining \% on input line 20.
LaTeX Info: Redefining \. on input line 20.
LaTeX Info: Redefining \% on input line 20.

[121])
LaTeX Info: Redefining \. on input line 110.
LaTeX Info: Redefining \% on input line 110.
LaTeX Info: Redefining \. on input line 110.
LaTeX Info: Redefining \% on input line 110.
 [122]
\openout2 = c-bm-11-CV-AUTORES.aux
 (/home/alberto/00_Produccion/Duek/latex/c-bm-11-CV-AUTORES.tex
Package biblatex Info: Resetting trackers on input line 2.
LaTeX Font Info:    Font shape `TU/LibertinusSerif(0)/b/n' will be
(Font)              scaled to size 11.79993pt on input line 5.
LaTeX Info: Redefining \. on input line 16.
LaTeX Info: Redefining \% on input line 16.
LaTeX Info: Redefining \. on input line 16.
LaTeX Info: Redefining \% on input line 16.

[123





])
LaTeX Info: Redefining \. on input line 122.
LaTeX Info: Redefining \% on input line 122.
LaTeX Info: Redefining \. on input line 122.
LaTeX Info: Redefining \% on input line 122.
 [124]
Package biblatex Info: Resetting trackers on input line 123.
 (/home/alberto/00_Produccion/Duek/latex/names.ind
Package biblatex Info: Resetting trackers on input line 1.
LaTeX Font Info:    Font shape `TU/LibertinusSerif(0)/b/n' will be
(Font)              scaled to size 10.61993pt on input line 8.
LaTeX Info: Redefining \. on input line 84.
LaTeX Info: Redefining \% on input line 84.
LaTeX Info: Redefining \. on input line 84.
LaTeX Info: Redefining \% on input line 84.
 [125



]
LaTeX Info: Redefining \. on input line 201.
LaTeX Info: Redefining \% on input line 201.
LaTeX Info: Redefining \. on input line 201.
LaTeX Info: Redefining \% on input line 201.
 [126])
LaTeX Info: Redefining \. on input line 125.
LaTeX Info: Redefining \% on input line 125.
LaTeX Info: Redefining \. on input line 125.
LaTeX Info: Redefining \% on input line 125.

[127] (/usr/share/texlive/texmf-dist/tex/generic/stringenc/se-pdfdoc.def
File: se-pdfdoc.def 2019/11/29 v1.12 stringenc: PDFDocEncoding
)
(/usr/share/texlive/texmf-dist/tex/generic/stringenc/se-utf32be.def
File: se-utf32be.def 2019/11/29 v1.12 stringenc: UTF-32BE
) [128

]

Package imakeidx Warning: Remember to run lualatex again after calling
(imakeidx)                `\imki@messagenames '.

(/home/alberto/00_Produccion/Duek/latex/main.aux
LaTeX Info: Redefining \sptext on input line 13.
LaTeX Info: Redefining \. on input line 13.
LaTeX Info: Redefining \% on input line 13.

(/home/alberto/00_Produccion/Duek/latex/c-fm-10-INTRODUCCION.aux)
(/home/alberto/00_Produccion/Duek/latex/c-a-01-CAP01.aux)
(/home/alberto/00_Produccion/Duek/latex/c-a-02-CAP02.aux)
(/home/alberto/00_Produccion/Duek/latex/c-a-03-CAP03.aux)
(/home/alberto/00_Produccion/Duek/latex/c-a-04-CAP04.aux)
(/home/alberto/00_Produccion/Duek/latex/c-a-05-CAP05.aux)
(/home/alberto/00_Produccion/Duek/latex/c-a-06-CAP06.aux)
(/home/alberto/00_Produccion/Duek/latex/c-bm-10-CODA.aux)
(/home/alberto/00_Produccion/Duek/latex/c-bm-11-CV-AUTORES.aux))
 ***********
LaTeX2e <2023-11-01> patch level 1
L3 programming layer <2024-01-22>
 ***********
Package rerunfilecheck Info: File `main.out' has not changed.
(rerunfilecheck)             Checksum: 6D71E8A95DA7198F3142B6AECD6FFB63;3642.
Package logreq Info: Writing requests to 'main.run.xml'.

\openout1 = main.run.xml
)

Here is how much of LuaTeX's memory you used:
 52609 strings out of 476553
 4447623,2848258 words of node,token memory allocated
 3940540 words of node memory still in use:
   2779 hlist, 4 vlist, 771 rule, 10 ins, 57590 disc, 1283 local_par, 111 math, 
63428 glue, 30572 kern, 4678 penalty, 669 margin_kern, 363896 glyph, 19266 attri
bute, 3892 glue_spec, 9671 attribute_list, 714 write, 112 pdf_literal, 936 pdf_s
tart_link, 958 pdf_end_link, 19 pdf_dest, 558 pdf_action, 2740 pdf_colorstack, 4
 pdf_setmatrix, 4 pdf_save, 4 pdf_restore nodes
   avail lists: 1:6,2:73,3:282,4:594,5:173,6:142,7:2909,8:113,9:556,10:29,11:200

 73021 multiletter control sequences out of 65536+600000
 87 fonts using 26178515 bytes
 113i,7n,125p,2164b,3130s stack positions out of 10000i,1000n,20000p,200000b,200000s
</usr/share/texlive/texmf-dist/fonts/opentype/public/libertinus-fonts/Libertinus
Serif-Bold.otf></usr/share/texlive/texmf-dist/fonts/opentype/ibm/plex/IBMPlexSan
sCondensed-Italic.otf></usr/share/texlive/texmf-dist/fonts/opentype/public/liber
tinus-fonts/LibertinusSerif-Italic.otf></usr/share/texlive/texmf-dist/fonts/open
type/ibm/plex/IBMPlexSansCondensed-SemiBold.otf></usr/share/texlive/texmf-dist/f
onts/opentype/ibm/plex/IBMPlexSansCondensed-Regular.otf></usr/share/texlive/texm
f-dist/fonts/opentype/public/libertinus-fonts/LibertinusSerif-Regular.otf>
Output written on main.pdf (150 pages, 637195 bytes).

PDF statistics: 1605 PDF objects out of 1728 (max. 8388607)
 1308 compressed objects within 14 object streams
 327 named destinations out of 1000 (max. 131072)
 341 words of extra memory for PDF output out of 10000 (max. 100000000)

